Barcode,Nama,Date,Time
5029,,09-16-2023,03:01
4196,,09-16-2023,03:03
4502,,09-16-2023,03:03
4595,,09-16-2023,03:03
4363,,09-16-2023,03:04
4482,,09-16-2023,03:04
1684,,09-16-2023,03:04
1428,,09-16-2023,03:04
4648,,09-16-2023,03:04
4830,,09-16-2023,03:05
4618,,09-16-2023,03:05
1205,,09-16-2023,03:06
4938,,09-16-2023,03:06
4936,,09-16-2023,03:08
4262,,09-16-2023,03:09
4323,,09-16-2023,03:09
4389,,09-16-2023,03:11
4625,,09-16-2023,03:12
4969,,09-16-2023,03:12
4979,,09-16-2023,03:12
4813,,09-16-2023,03:13
4481,,09-16-2023,03:13
4447,,09-16-2023,03:13
4450,,09-16-2023,03:13
4971,,09-16-2023,03:14
4908,,09-16-2023,03:21
4616,,09-16-2023,03:21
4987,,09-16-2023,03:23
4695,,09-16-2023,03:27
4608,,09-16-2023,03:34
1462,,09-16-2023,04:00
4452,,09-16-2023,04:01
4966,,09-16-2023,04:04
4530,,09-16-2023,04:04
3080,,09-16-2023,04:09
4444,,09-16-2023,04:28
1846,,09-16-2023,05:48
4930,,09-16-2023,05:48
1770,,09-16-2023,06:02
1431,,09-16-2023,06:04
1799,,09-16-2023,06:06
4369,,09-16-2023,06:06
1848,,09-16-2023,06:07
1349,,09-16-2023,06:10
1833,,09-16-2023,06:12
1843,,09-16-2023,06:14
1827,,09-16-2023,06:15
1350,,09-16-2023,06:15
1834,,09-16-2023,06:16
1400,,09-16-2023,06:16
1837,,09-16-2023,06:18
1842,,09-16-2023,06:22
4697,,09-16-2023,06:27
4709,,09-16-2023,06:28
1427,,09-16-2023,06:32
4735,,09-16-2023,06:37
4933,,09-16-2023,06:57
4852,,09-16-2023,07:01
1850,,09-16-2023,07:02
4673,,09-16-2023,07:02
4787,,09-16-2023,07:02
4922,,09-16-2023,07:02
4547,,09-16-2023,07:03
4409,,09-16-2023,07:03
4924,,09-16-2023,07:05
4184,,09-16-2023,07:11
1576,,09-16-2023,07:11
4611,,09-16-2023,07:18
4551,,09-16-2023,07:28
4661,,09-16-2023,07:29
4827,,09-16-2023,07:31
4652,,09-16-2023,08:00
4783,,09-16-2023,08:00
4978,,09-16-2023,08:53
4657,,09-16-2023,10:24
4823,,09-16-2023,10:32
4666,,09-16-2023,10:36
1377,,09-16-2023,10:48
4811,,09-16-2023,10:48
4781,,09-16-2023,11:00
4353,,09-16-2023,11:01
4324,,09-16-2023,11:01
4451,,09-16-2023,11:03
4361,,09-16-2023,11:03
4581,,09-16-2023,11:03
4398,,09-16-2023,11:03
4580,,09-16-2023,11:03
4552,,09-16-2023,11:03
4454,,09-16-2023,11:04
3618,,09-16-2023,11:04
1572,,09-16-2023,11:04
4276,,09-16-2023,11:04
1841,,09-16-2023,11:05
4537,,09-16-2023,11:05
4381,,09-16-2023,11:05
4717,,09-16-2023,11:06
5063,,09-16-2023,11:07
1473,,09-16-2023,11:07
1579,,09-16-2023,11:08
4591,,09-16-2023,11:09
5027,,09-16-2023,11:09
1434,,09-16-2023,11:10
4626,,09-16-2023,11:10
1706,,09-16-2023,11:11
4943,,09-16-2023,11:12
4819,,09-16-2023,11:12
4465,,09-17-2023,12:01
4697,,09-17-2023,01:03
1588,,09-17-2023,01:03
4411,,09-17-2023,01:03
1352,,09-17-2023,01:09
1427,,09-17-2023,01:10
4925,,09-17-2023,01:45
4978,,09-17-2023,03:00
1339,,09-17-2023,03:07
4709,,09-17-2023,03:23
1288,,09-17-2023,05:33
1350,,09-17-2023,05:36
1843,,09-17-2023,05:40
1827,,09-17-2023,05:51
1593,,09-17-2023,06:03
1735,,09-17-2023,06:03
4384,,09-17-2023,06:04
1411,,09-17-2023,06:13
4386,,09-17-2023,06:20
5020,,09-17-2023,06:29
4398,,09-17-2023,06:31
1850,,09-17-2023,06:36
1381,,09-17-2023,06:37
4454,,09-17-2023,06:39
4941,,09-17-2023,06:39
4690,,09-17-2023,06:43
4573,,09-17-2023,06:43
4686,,09-17-2023,06:48
4760,,09-17-2023,06:48
4427,,09-17-2023,06:51
1473,,09-17-2023,06:53
4450,,09-17-2023,06:54
4353,,09-17-2023,06:57
4608,,09-17-2023,06:57
1429,,09-17-2023,07:00
4571,,09-17-2023,07:01
4845,,09-17-2023,07:01
1234,,09-17-2023,07:01
4751,,09-17-2023,07:02
4437,,09-17-2023,07:02
4815,,09-17-2023,07:04
1377,,09-17-2023,07:04
4959,,09-17-2023,07:05
4594,,09-17-2023,07:06
4493,,09-17-2023,07:07
4438,,09-17-2023,07:08
4720,,09-17-2023,07:11
4388,,09-17-2023,07:13
4846,,09-17-2023,07:20
4530,,09-17-2023,07:42
4348,,09-17-2023,07:45
4666,,09-17-2023,02:23
4781,,09-17-2023,02:33
4975,,09-17-2023,02:41
4490,,09-17-2023,02:49
3080,,09-17-2023,03:00
4353,,09-17-2023,03:01
4276,,09-17-2023,03:01
4454,,09-17-2023,03:03
3618,,09-17-2023,03:03
4442,,09-17-2023,03:03
5020,,09-17-2023,03:03
1381,,09-17-2023,03:03
4599,,09-17-2023,03:04
4851,,09-17-2023,03:04
1389,,09-17-2023,03:04
1434,,09-17-2023,03:04
4501,,09-17-2023,03:04
1850,,09-17-2023,03:04
4595,,09-17-2023,03:04
4451,,09-17-2023,03:04
4683,,09-17-2023,03:04
4324,,09-17-2023,03:04
4695,,09-17-2023,03:05
4819,,09-17-2023,03:05
4626,,09-17-2023,03:06
1579,,09-17-2023,03:06
4525,,09-17-2023,03:08
5027,,09-17-2023,03:08
3787,,09-17-2023,03:09
4938,,09-17-2023,03:09
1473,,09-17-2023,03:09
1475,,09-17-2023,03:13
4382,,09-17-2023,03:18
4580,,09-17-2023,03:19
4386,,09-17-2023,03:21
1205,,09-17-2023,04:02
4800,,09-17-2023,04:02
1234,,09-17-2023,04:02
3358,,09-17-2023,04:03
4450,,09-17-2023,04:04
4760,,09-17-2023,04:06
4746,,09-17-2023,04:07
4971,,09-17-2023,04:08
4813,,09-17-2023,04:13
4554,,09-17-2023,04:14
1687,,09-17-2023,04:19
4908,,09-17-2023,04:28
4608,,09-17-2023,04:41
4452,,09-17-2023,05:01
4528,,09-17-2023,05:05
4930,,09-17-2023,05:05
1411,,09-17-2023,05:39
1431,,09-17-2023,05:45
1770,,09-17-2023,05:48
1295,,09-17-2023,05:57
1837,,09-17-2023,06:10
1843,,09-17-2023,06:16
1350,,09-17-2023,06:20
1374,,09-17-2023,06:22
1827,,09-17-2023,06:28
1834,,09-17-2023,06:28
1791,,09-17-2023,06:32
1288,,09-17-2023,06:32
1842,,09-17-2023,06:47
4381,,09-17-2023,07:06
4978,,09-17-2023,10:39
4473,,09-17-2023,11:00
1706,,09-17-2023,11:00
4378,,09-17-2023,11:00
5035,,09-17-2023,11:02
4363,,09-17-2023,11:03
4959,,09-17-2023,11:03
4404,,09-17-2023,11:03
4975,,09-17-2023,11:04
4184,,09-17-2023,11:04
4520,,09-17-2023,11:04
1314,,09-17-2023,11:04
4779,,09-17-2023,11:04
1572,,09-17-2023,11:04
4388,,09-17-2023,11:05
4493,,09-17-2023,11:05
4780,,09-17-2023,11:05
4437,,09-17-2023,11:05
4717,,09-17-2023,11:05
4815,,09-17-2023,11:05
5026,,09-18-2023,05:23
1288,,09-18-2023,05:41
1849,,09-18-2023,05:41
1843,,09-18-2023,05:50
4384,,09-18-2023,05:57
1735,,09-18-2023,06:01
1295,,09-18-2023,06:03
1431,,09-18-2023,06:06
1833,,09-18-2023,06:08
1400,,09-18-2023,06:08
4386,,09-18-2023,06:08
1848,,09-18-2023,06:09
1770,,09-18-2023,06:11
1411,,09-18-2023,06:13
1850,,09-18-2023,06:18
5020,,09-18-2023,06:19
4756,,09-18-2023,06:28
4972,,09-18-2023,06:33
4760,,09-18-2023,06:35
4442,,09-18-2023,06:36
4671,,09-18-2023,06:39
4688,,09-18-2023,06:40
4924,,09-18-2023,06:43
4910,,09-18-2023,06:43
1381,,09-18-2023,06:44
4454,,09-18-2023,06:46
3598,,09-18-2023,06:48
1473,,09-18-2023,06:48
4428,,09-18-2023,06:50
4427,,09-18-2023,06:56
4608,,09-18-2023,06:59
4594,,09-18-2023,07:00
1318,,09-18-2023,07:00
4392,,09-18-2023,07:00
4772,,09-18-2023,07:00
4183,,09-18-2023,07:02
4711,,09-18-2023,07:02
3057,,09-18-2023,07:02
4738,,09-18-2023,07:03
4936,,09-18-2023,07:05
4719,,09-18-2023,07:05
4516,,09-18-2023,07:06
1429,,09-18-2023,07:07
5029,,09-18-2023,07:07
1838,,09-18-2023,07:08
4724,,09-18-2023,07:11
4978,,09-18-2023,07:12
4354,,09-18-2023,07:14
4323,,09-18-2023,07:15
3842,,09-18-2023,07:17
4891,,09-18-2023,07:19
1588,,09-18-2023,07:22
4795,,09-18-2023,07:22
4487,,09-18-2023,07:23
4934,,09-18-2023,07:26
4846,,09-18-2023,07:29
4796,,09-18-2023,07:32
4935,,09-18-2023,07:33
4977,,09-18-2023,07:37
4534,,09-18-2023,07:39
1858,,09-18-2023,07:46
4767,,09-18-2023,07:47
4877,,09-18-2023,07:49
3047,,09-18-2023,07:50
4905,,09-18-2023,07:50
1535,,09-18-2023,07:50
4376,,09-18-2023,07:51
4895,,09-18-2023,07:51
1223,,09-18-2023,07:51
4898,,09-18-2023,07:51
4684,,09-18-2023,07:53
4976,,09-18-2023,07:55
4200,,09-18-2023,07:55
4806,,09-18-2023,07:55
4769,,09-18-2023,07:57
4667,,09-18-2023,07:57
4342,,09-18-2023,08:00
7047,,09-18-2023,08:02
5022,,09-18-2023,08:03
4867,,09-18-2023,08:04
4966,,09-18-2023,08:12
8064,,09-18-2023,08:25
1363,,09-18-2023,02:04
4975,,09-18-2023,02:07
4268,,09-18-2023,02:11
4709,,09-18-2023,02:22
4433,,09-18-2023,02:25
4866,,09-18-2023,02:27
4782,,09-18-2023,02:30
4811,,09-18-2023,02:33
4735,,09-18-2023,02:34
4733,,09-18-2023,02:38
1419,,09-18-2023,02:47
4781,,09-18-2023,02:49
4824,,09-18-2023,03:00
4442,,09-18-2023,03:02
4276,,09-18-2023,03:02
4409,,09-18-2023,03:02
4756,,09-18-2023,03:02
1850,,09-18-2023,03:02
5020,,09-18-2023,03:03
1475,,09-18-2023,03:03
4922,,09-18-2023,03:03
4788,,09-18-2023,03:03
1856,,09-18-2023,03:03
4830,,09-18-2023,03:03
4417,,09-18-2023,03:04
4599,,09-18-2023,03:04
4630,,09-18-2023,03:04
4852,,09-18-2023,03:04
4779,,09-18-2023,03:04
4525,,09-18-2023,03:05
1389,,09-18-2023,03:05
4927,,09-18-2023,03:06
4617,,09-18-2023,03:07
4938,,09-18-2023,03:07
1579,,09-18-2023,03:07
4591,,09-18-2023,03:08
4629,,09-18-2023,03:09
4924,,09-18-2023,03:10
4819,,09-18-2023,03:10
1576,,09-18-2023,03:13
3787,,09-18-2023,03:13
4673,,09-18-2023,03:14
4386,,09-18-2023,03:18
4382,,09-18-2023,03:19
5026,,09-18-2023,03:19
4718,,09-18-2023,03:21
1434,,09-18-2023,03:26
4611,,09-18-2023,03:27
4551,,09-18-2023,03:29
4695,,09-18-2023,03:31
4661,,09-18-2023,03:32
4827,,09-18-2023,03:42
1701,,09-18-2023,03:59
1462,,09-18-2023,03:59
1408,,09-18-2023,04:00
4905,,09-18-2023,04:00
4620,,09-18-2023,04:00
4469,,09-18-2023,04:00
4977,,09-18-2023,04:01
4856,,09-18-2023,04:01
4911,,09-18-2023,04:01
4904,,09-18-2023,04:01
5013,,09-18-2023,04:01
1821,,09-18-2023,04:01
4871,,09-18-2023,04:01
1439,,09-18-2023,04:02
1852,,09-18-2023,04:02
1550,,09-18-2023,04:02
4910,,09-18-2023,04:03
4446,,09-18-2023,04:03
4616,,09-18-2023,04:03
1417,,09-18-2023,04:03
4303,,09-18-2023,04:03
4899,,09-18-2023,04:03
4684,,09-18-2023,04:03
4518,,09-18-2023,04:03
4637,,09-18-2023,04:03
4375,,09-18-2023,04:03
4447,,09-18-2023,04:04
4449,,09-18-2023,04:04
4309,,09-18-2023,04:04
5039,,09-18-2023,04:04
3358,,09-18-2023,04:04
4646,,09-18-2023,04:04
4845,,09-18-2023,04:04
3047,,09-18-2023,04:05
4898,,09-18-2023,04:05
3499,,09-18-2023,04:05
4534,,09-18-2023,04:06
4971,,09-18-2023,04:06
4943,,09-18-2023,04:06
4584,,09-18-2023,04:07
4917,,09-18-2023,04:07
4292,,09-18-2023,04:08
4807,,09-18-2023,04:08
4354,,09-18-2023,04:08
4554,,09-18-2023,04:09
4465,,09-18-2023,04:09
4369,,09-18-2023,04:09
4796,,09-18-2023,04:09
4895,,09-18-2023,04:09
4877,,09-18-2023,04:09
4870,,09-18-2023,04:10
4800,,09-18-2023,04:11
1512,,09-18-2023,04:12
4806,,09-18-2023,04:12
1479,,09-18-2023,04:12
4316,,09-18-2023,04:13
3005,,09-18-2023,04:14
4916,,09-18-2023,04:15
1205,,09-18-2023,04:15
7018,,09-18-2023,04:16
1223,,09-18-2023,04:17
4991,,09-18-2023,04:17
4260,,09-18-2023,04:20
4792,,09-18-2023,04:23
4773,,09-18-2023,04:27
4608,,09-18-2023,04:37
3013,,09-18-2023,04:40
4340,,09-18-2023,04:40
7047,,09-18-2023,04:42
4597,,09-18-2023,04:50
4659,,09-18-2023,04:53
4481,,09-18-2023,04:57
4737,,09-18-2023,05:00
4846,,09-18-2023,05:01
3339,,09-18-2023,05:01
4540,,09-18-2023,05:01
4489,,09-18-2023,05:01
4173,,09-18-2023,05:01
4618,,09-18-2023,05:02
6003,,09-18-2023,05:02
5053,,09-18-2023,05:02
4505,,09-18-2023,05:02
4301,,09-18-2023,05:02
6005,,09-18-2023,05:03
4468,,09-18-2023,05:03
4965,,09-18-2023,05:04
4969,,09-18-2023,05:04
4556,,09-18-2023,05:04
4900,,09-18-2023,05:04
4906,,09-18-2023,05:05
4759,,09-18-2023,05:05
6004,,09-18-2023,05:05
4523,,09-18-2023,05:06
4727,,09-18-2023,05:06
4530,,09-18-2023,05:06
4776,,09-18-2023,05:06
4452,,09-18-2023,05:07
4930,,09-18-2023,05:08
4955,,09-18-2023,05:08
4964,,09-18-2023,05:09
4491,,09-18-2023,05:10
4453,,09-18-2023,05:15
1350,,09-18-2023,05:29
1431,,09-18-2023,05:41
3598,,09-18-2023,05:41
4908,,09-18-2023,05:42
1770,,09-18-2023,05:47
1827,,09-18-2023,05:50
1374,,09-18-2023,05:55
1791,,09-18-2023,06:00
4427,,09-18-2023,06:00
1374,,09-18-2023,06:00
1288,,09-18-2023,06:01
1842,,09-18-2023,06:01
1849,,09-18-2023,06:01
1593,,09-18-2023,06:04
1368,,09-18-2023,06:06
1292,,09-18-2023,06:07
1843,,09-18-2023,06:09
3842,,09-18-2023,06:26
4454,,09-18-2023,07:01
4760,,09-18-2023,07:25
4381,,09-18-2023,07:29
1071,,09-18-2023,09:05
4988,,09-18-2023,10:26
1616,,09-18-2023,10:27
4978,,09-18-2023,10:46
5032,,09-18-2023,10:51
5019,,09-18-2023,11:00
4783,,09-18-2023,11:00
4722,,09-18-2023,11:00
1414,,09-18-2023,11:01
4855,,09-18-2023,11:01
4808,,09-18-2023,11:01
4295,,09-18-2023,11:01
4298,,09-18-2023,11:01
4400,,09-18-2023,11:01
4937,,09-18-2023,11:01
4706,,09-18-2023,11:01
4325,,09-18-2023,11:01
4547,,09-18-2023,11:01
4426,,09-18-2023,11:02
4433,,09-18-2023,11:02
4709,,09-18-2023,11:02
4823,,09-18-2023,11:02
4501,,09-18-2023,11:02
1705,,09-18-2023,11:02
4743,,09-18-2023,11:02
1405,,09-18-2023,11:02
3042,,09-18-2023,11:03
4474,,09-18-2023,11:03
1448,,09-18-2023,11:03
4269,,09-18-2023,11:03
4262,,09-18-2023,11:03
1455,,09-18-2023,11:03
4430,,09-18-2023,11:03
4509,,09-18-2023,11:03
4697,,09-18-2023,11:03
4363,,09-18-2023,11:03
4493,,09-18-2023,11:03
1572,,09-18-2023,11:04
1339,,09-18-2023,11:04
1377,,09-18-2023,11:04
4490,,09-18-2023,11:04
4717,,09-18-2023,11:04
4580,,09-18-2023,11:05
4184,,09-18-2023,11:05
4411,,09-18-2023,11:05
1839,,09-18-2023,11:05
4780,,09-18-2023,11:06
4437,,09-18-2023,11:06
1429,,09-18-2023,11:06
4909,,09-18-2023,11:08
4975,,09-18-2023,11:09
4959,,09-18-2023,11:14
4925,,09-18-2023,11:19
4438,,09-18-2023,11:22
4720,,09-18-2023,11:48
5014,,09-18-2023,11:59
5026,,09-19-2023,05:28
1849,,09-19-2023,05:43
4384,,09-19-2023,05:51
1400,,09-19-2023,06:01
1833,,09-19-2023,06:02
1431,,09-19-2023,06:08
1837,,09-19-2023,06:09
1350,,09-19-2023,06:09
4386,,09-19-2023,06:11
1825,,09-19-2023,06:12
1827,,09-19-2023,06:12
1770,,09-19-2023,06:16
1848,,09-19-2023,06:16
4756,,09-19-2023,06:17
5020,,09-19-2023,06:23
4382,,09-19-2023,06:29
4633,,09-19-2023,06:30
4760,,09-19-2023,06:31
4454,,09-19-2023,06:37
4397,,09-19-2023,06:38
4924,,09-19-2023,06:40
4392,,09-19-2023,06:42
4922,,09-19-2023,06:43
1100,,09-19-2023,06:43
3598,,09-19-2023,06:44
5053,,09-19-2023,06:47
4798,,09-19-2023,06:48
1381,,09-19-2023,06:48
4537,,09-19-2023,06:50
4972,,09-19-2023,06:50
4427,,09-19-2023,06:51
4428,,09-19-2023,06:54
4620,,09-19-2023,06:54
1318,,09-19-2023,06:57
1473,,09-19-2023,06:57
1428,,09-19-2023,07:01
1415,,09-19-2023,07:01
1684,,09-19-2023,07:01
4334,,09-19-2023,07:02
1424,,09-19-2023,07:02
4988,,09-19-2023,07:02
4574,,09-19-2023,07:03
4738,,09-19-2023,07:04
4685,,09-19-2023,07:05
4719,,09-19-2023,07:05
4936,,09-19-2023,07:05
4891,,09-19-2023,07:06
4978,,09-19-2023,07:06
1588,,09-19-2023,07:09
4724,,09-19-2023,07:09
1479,,09-19-2023,07:10
1706,,09-19-2023,07:10
4841,,09-19-2023,07:10
4323,,09-19-2023,07:11
5029,,09-19-2023,07:12
4987,,09-19-2023,07:14
4703,,09-19-2023,07:15
4769,,09-19-2023,07:17
4408,,09-19-2023,07:21
3842,,09-19-2023,07:22
4389,,09-19-2023,07:22
4935,,09-19-2023,07:24
4906,,09-19-2023,07:26
4977,,09-19-2023,07:26
4795,,09-19-2023,07:27
4489,,09-19-2023,07:31
3047,,09-19-2023,07:32
4796,,09-19-2023,07:35
1439,,09-19-2023,07:35
1408,,09-19-2023,07:37
1223,,09-19-2023,07:38
4375,,09-19-2023,07:39
4895,,09-19-2023,07:41
7047,,09-19-2023,07:43
4530,,09-19-2023,07:45
4369,,09-19-2023,07:45
4452,,09-19-2023,07:45
4898,,09-19-2023,07:46
1852,,09-19-2023,07:48
3005,,09-19-2023,07:48
1535,,09-19-2023,07:51
4806,,09-19-2023,07:53
4867,,09-19-2023,07:54
4200,,09-19-2023,07:55
5048,,09-19-2023,07:56
4667,,09-19-2023,07:57
4976,,09-19-2023,07:58
4342,,09-19-2023,08:00
4966,,09-19-2023,08:21
4979,,09-19-2023,09:00
4268,,09-19-2023,02:02
1363,,09-19-2023,02:05
4657,,09-19-2023,02:20
4866,,09-19-2023,02:20
4709,,09-19-2023,02:27
4678,,09-19-2023,02:28
4735,,09-19-2023,02:28
4534,,09-19-2023,02:29
4590,,09-19-2023,02:29
4811,,09-19-2023,02:42
4463,,09-19-2023,02:42
1419,,09-19-2023,02:45
1407,,09-19-2023,02:46
4975,,09-19-2023,02:56
4751,,09-19-2023,02:59
4927,,09-19-2023,03:00
4473,,09-19-2023,03:01
4756,,09-19-2023,03:01
4353,,09-19-2023,03:01
1384,,09-19-2023,03:01
4830,,09-19-2023,03:01
4824,,09-19-2023,03:02
4922,,09-19-2023,03:02
5020,,09-19-2023,03:02
4986,,09-19-2023,03:02
4852,,09-19-2023,03:02
4599,,09-19-2023,03:02
4633,,09-19-2023,03:03
4451,,09-19-2023,03:03
4628,,09-19-2023,03:04
4629,,09-19-2023,03:04
1856,,09-19-2023,03:04
1100,,09-19-2023,03:04
5063,,09-19-2023,03:05
4324,,09-19-2023,03:05
1475,,09-19-2023,03:05
4591,,09-19-2023,03:05
4690,,09-19-2023,03:06
4525,,09-19-2023,03:06
4386,,09-19-2023,03:09
4792,,09-19-2023,03:10
1434,,09-19-2023,03:10
4595,,09-19-2023,03:12
4552,,09-19-2023,03:12
4924,,09-19-2023,03:12
1579,,09-19-2023,03:12
1576,,09-19-2023,03:13
4520,,09-19-2023,03:13
4492,,09-19-2023,03:13
4943,,09-19-2023,03:13
4382,,09-19-2023,03:23
4611,,09-19-2023,03:24
4827,,09-19-2023,03:24
4551,,09-19-2023,03:28
4661,,09-19-2023,03:31
4977,,09-19-2023,04:00
4408,,09-19-2023,04:00
4620,,09-19-2023,04:00
4335,,09-19-2023,04:01
5034,,09-19-2023,04:01
4983,,09-19-2023,04:01
4294,,09-19-2023,04:01
4910,,09-19-2023,04:01
4911,,09-19-2023,04:01
4856,,09-19-2023,04:01
4904,,09-19-2023,04:02
4905,,09-19-2023,04:02
1852,,09-19-2023,04:02
4419,,09-19-2023,04:02
4518,,09-19-2023,04:02
4684,,09-19-2023,04:03
4571,,09-19-2023,04:03
4845,,09-19-2023,04:03
4746,,09-19-2023,04:03
4301,,09-19-2023,04:03
4653,,09-19-2023,04:03
4446,,09-19-2023,04:03
4836,,09-19-2023,04:03
4303,,09-19-2023,04:03
3351,,09-19-2023,04:03
4867,,09-19-2023,04:03
1408,,09-19-2023,04:03
4766,,09-19-2023,04:04
3358,,09-19-2023,04:04
4637,,09-19-2023,04:04
4460,,09-19-2023,04:04
4477,,09-19-2023,04:04
1821,,09-19-2023,04:04
4256,,09-19-2023,04:04
4646,,09-19-2023,04:04
4655,,09-19-2023,04:04
4822,,09-19-2023,04:04
3989,,09-19-2023,04:05
4369,,09-19-2023,04:05
5016,,09-19-2023,04:05
4465,,09-19-2023,04:05
4759,,09-19-2023,04:06
4976,,09-19-2023,04:06
4584,,09-19-2023,04:06
4519,,09-19-2023,04:06
1205,,09-19-2023,04:07
4447,,09-19-2023,04:07
4796,,09-19-2023,04:07
4898,,09-19-2023,04:07
4773,,09-19-2023,04:08
3005,,09-19-2023,04:08
4196,,09-19-2023,04:08
5047,,09-19-2023,04:08
4292,,09-19-2023,04:08
4316,,09-19-2023,04:09
4554,,09-19-2023,04:09
1223,,09-19-2023,04:10
1479,,09-19-2023,04:10
5039,,09-19-2023,04:10
4364,,09-19-2023,04:11
1571,,09-19-2023,04:11
4659,,09-19-2023,04:11
1417,,09-19-2023,04:12
4891,,09-19-2023,04:13
4806,,09-19-2023,04:15
4991,,09-19-2023,04:16
4260,,09-19-2023,04:18
4481,,09-19-2023,04:20
4760,,09-19-2023,04:21
1512,,09-19-2023,04:22
4795,,09-19-2023,04:22
4597,,09-19-2023,04:23
3346,,09-19-2023,04:27
7018,,09-19-2023,04:28
4934,,09-19-2023,04:28
4813,,09-19-2023,04:52
4489,,09-19-2023,04:59
4906,,09-19-2023,05:00
3345,,09-19-2023,05:02
4530,,09-19-2023,05:04
3598,,09-19-2023,05:05
6004,,09-19-2023,05:06
3080,,09-19-2023,05:08
4348,,09-19-2023,05:08
4969,,09-19-2023,05:12
4444,,09-19-2023,05:32
4517,,09-19-2023,05:32
1350,,09-19-2023,05:34
1288,,09-19-2023,05:36
1431,,09-19-2023,05:41
1843,,09-19-2023,05:44
1770,,09-19-2023,05:45
1827,,09-19-2023,05:48
1849,,09-19-2023,06:01
1735,,09-19-2023,06:01
1593,,09-19-2023,06:02
1791,,09-19-2023,06:04
1555,,09-19-2023,06:05
1845,,09-19-2023,06:06
1411,,09-19-2023,06:07
4781,,09-19-2023,06:09
4490,,09-19-2023,06:19
4666,,09-19-2023,06:25
4580,,09-19-2023,07:04
4971,,09-19-2023,07:20
1701,,09-19-2023,07:33
1744,,09-19-2023,09:04
1071,,09-19-2023,09:04
1850,,09-19-2023,10:08
3842,,09-19-2023,10:30
4988,,09-19-2023,10:32
4789,,09-19-2023,10:33
1478,,09-19-2023,10:33
5032,,09-19-2023,10:44
4978,,09-19-2023,10:51
4709,,09-19-2023,11:00
4400,,09-19-2023,11:00
4937,,09-19-2023,11:00
4298,,09-19-2023,11:00
1339,,09-19-2023,11:00
1429,,09-19-2023,11:00
1448,,09-19-2023,11:00
4642,,09-19-2023,11:01
4521,,09-19-2023,11:01
1393,,09-19-2023,11:01
4783,,09-19-2023,11:01
4592,,09-19-2023,11:01
4496,,09-19-2023,11:02
4808,,09-19-2023,11:02
4722,,09-19-2023,11:02
4590,,09-19-2023,11:02
4545,,09-19-2023,11:02
4325,,09-19-2023,11:02
4787,,09-19-2023,11:02
1316,,09-19-2023,11:02
1405,,09-19-2023,11:02
4740,,09-19-2023,11:02
4874,,09-19-2023,11:02
4716,,09-19-2023,11:03
4738,,09-19-2023,11:03
4262,,09-19-2023,11:03
4461,,09-19-2023,11:03
4363,,09-19-2023,11:03
1352,,09-19-2023,11:03
1504,,09-19-2023,11:03
4534,,09-19-2023,11:03
1314,,09-19-2023,11:03
1839,,09-19-2023,11:03
1588,,09-19-2023,11:03
4411,,09-19-2023,11:04
4657,,09-19-2023,11:04
4717,,09-19-2023,11:04
4823,,09-19-2023,11:04
1370,,09-19-2023,11:04
4782,,09-19-2023,11:04
4925,,09-19-2023,11:05
1715,,09-19-2023,11:05
4493,,09-19-2023,11:06
4457,,09-19-2023,11:06
4437,,09-19-2023,11:07
4780,,09-19-2023,11:08
4720,,09-19-2023,11:15
4593,,09-19-2023,11:15
4959,,09-19-2023,11:15
4975,,09-19-2023,11:17
4388,,09-19-2023,11:17
4909,,09-19-2023,11:20
4815,,09-19-2023,11:23
5026,,09-20-2023,05:26
1849,,09-20-2023,05:39
4309,,09-20-2023,05:47
1295,,09-20-2023,05:48
4384,,09-20-2023,05:58
1827,,09-20-2023,06:10
4979,,09-20-2023,06:11
1837,,09-20-2023,06:15
4756,,09-20-2023,06:17
1374,,09-20-2023,06:17
4386,,09-20-2023,06:19
1347,,09-20-2023,06:20
4449,,09-20-2023,06:22
1848,,09-20-2023,06:22
1702,,09-20-2023,06:22
1843,,09-20-2023,06:22
1288,,09-20-2023,06:22
4196,,09-20-2023,06:23
1799,,09-20-2023,06:23
1770,,09-20-2023,06:24
1842,,09-20-2023,06:25
4633,,09-20-2023,06:26
1431,,09-20-2023,06:27
5020,,09-20-2023,06:27
4725,,09-20-2023,06:28
1350,,09-20-2023,06:30
4760,,09-20-2023,06:34
1277,,09-20-2023,06:37
4924,,09-20-2023,06:38
4616,,09-20-2023,06:40
4450,,09-20-2023,06:41
1409,,09-20-2023,06:42
4454,,09-20-2023,06:43
3358,,09-20-2023,06:43
4690,,09-20-2023,06:44
4910,,09-20-2023,06:45
4891,,09-20-2023,06:47
4451,,09-20-2023,06:49
4972,,09-20-2023,06:50
4427,,09-20-2023,06:52
3598,,09-20-2023,06:55
1318,,09-20-2023,06:58
4608,,09-20-2023,06:59
4988,,09-20-2023,07:02
4490,,09-20-2023,07:04
4685,,09-20-2023,07:04
1850,,09-20-2023,07:04
4692,,09-20-2023,07:05
4820,,09-20-2023,07:05
1415,,09-20-2023,07:05
1424,,09-20-2023,07:05
4430,,09-20-2023,07:05
4946,,09-20-2023,07:06
4682,,09-20-2023,07:06
4781,,09-20-2023,07:06
5029,,09-20-2023,07:06
1838,,09-20-2023,07:06
4502,,09-20-2023,07:07
1479,,09-20-2023,07:07
4341,,09-20-2023,07:07
4724,,09-20-2023,07:08
4619,,09-20-2023,07:08
3842,,09-20-2023,07:09
4841,,09-20-2023,07:10
4600,,09-20-2023,07:10
4323,,09-20-2023,07:10
4978,,09-20-2023,07:11
4987,,09-20-2023,07:12
4977,,09-20-2023,07:24
4880,,09-20-2023,07:25
1094,,09-20-2023,07:29
4895,,09-20-2023,07:33
1408,,09-20-2023,07:33
4796,,09-20-2023,07:34
4534,,09-20-2023,07:38
4647,,09-20-2023,07:39
1223,,09-20-2023,07:39
4814,,09-20-2023,07:39
4877,,09-20-2023,07:39
5017,,09-20-2023,07:40
4729,,09-20-2023,07:42
1535,,09-20-2023,07:43
4369,,09-20-2023,07:48
4976,,09-20-2023,07:49
4898,,09-20-2023,07:51
4523,,09-20-2023,07:51
5048,,09-20-2023,07:52
4200,,09-20-2023,07:56
4806,,09-20-2023,07:56
5015,,09-20-2023,07:56
4667,,09-20-2023,07:56
3005,,09-20-2023,08:00
1461,,09-20-2023,08:01
7047,,09-20-2023,08:01
4867,,09-20-2023,08:01
4769,,09-20-2023,08:01
4342,,09-20-2023,08:04
4741,,09-20-2023,08:05
4966,,09-20-2023,08:21
4354,,09-20-2023,01:05
1363,,09-20-2023,02:04
4268,,09-20-2023,02:06
4709,,09-20-2023,02:24
4582,,09-20-2023,02:25
4288,,09-20-2023,02:30
1427,,09-20-2023,02:33
4501,,09-20-2023,02:37
1419,,09-20-2023,02:42
4622,,09-20-2023,02:45
4463,,09-20-2023,02:46
4781,,09-20-2023,02:53
1293,,09-20-2023,03:01
4324,,09-20-2023,03:01
4824,,09-20-2023,03:01
4927,,09-20-2023,03:01
4756,,09-20-2023,03:02
5020,,09-20-2023,03:02
4525,,09-20-2023,03:02
1856,,09-20-2023,03:02
4599,,09-20-2023,03:02
4633,,09-20-2023,03:03
4409,,09-20-2023,03:03
4924,,09-20-2023,03:04
4552,,09-20-2023,03:04
4276,,09-20-2023,03:04
4544,,09-20-2023,03:06
1389,,09-20-2023,03:06
4629,,09-20-2023,03:07
1579,,09-20-2023,03:08
4792,,09-20-2023,03:08
4943,,09-20-2023,03:08
4819,,09-20-2023,03:08
4381,,09-20-2023,03:08
4591,,09-20-2023,03:09
4986,,09-20-2023,03:09
1100,,09-20-2023,03:10
4608,,09-20-2023,03:10
4492,,09-20-2023,03:11
3787,,09-20-2023,03:14
1576,,09-20-2023,03:14
4537,,09-20-2023,03:15
4595,,09-20-2023,03:15
4454,,09-20-2023,03:16
4827,,09-20-2023,03:19
4551,,09-20-2023,03:22
4382,,09-20-2023,03:26
4730,,09-20-2023,03:29
4673,,09-20-2023,03:29
4718,,09-20-2023,03:30
4611,,09-20-2023,03:39
4905,,09-20-2023,04:00
4800,,09-20-2023,04:00
4845,,09-20-2023,04:00
5013,,09-20-2023,04:00
1417,,09-20-2023,04:01
4977,,09-20-2023,04:01
4747,,09-20-2023,04:01
4983,,09-20-2023,04:01
4256,,09-20-2023,04:01
4596,,09-20-2023,04:01
4856,,09-20-2023,04:02
1852,,09-20-2023,04:02
4303,,09-20-2023,04:02
4540,,09-20-2023,04:02
1821,,09-20-2023,04:02
4375,,09-20-2023,04:03
4196,,09-20-2023,04:03
4465,,09-20-2023,04:04
4646,,09-20-2023,04:04
4419,,09-20-2023,04:05
3047,,09-20-2023,04:05
4891,,09-20-2023,04:05
4675,,09-20-2023,04:05
4647,,09-20-2023,04:05
4684,,09-20-2023,04:05
4584,,09-20-2023,04:05
4292,,09-20-2023,04:05
1234,,09-20-2023,04:06
4309,,09-20-2023,04:06
3346,,09-20-2023,04:06
1836,,09-20-2023,04:06
4806,,09-20-2023,04:07
4554,,09-20-2023,04:08
4469,,09-20-2023,04:08
4898,,09-20-2023,04:08
4316,,09-20-2023,04:09
4659,,09-20-2023,04:09
1701,,09-20-2023,04:09
4976,,09-20-2023,04:10
4870,,09-20-2023,04:10
1223,,09-20-2023,04:10
4991,,09-20-2023,04:10
4796,,09-20-2023,04:10
1439,,09-20-2023,04:11
4450,,09-20-2023,04:11
4447,,09-20-2023,04:11
4369,,09-20-2023,04:12
1687,,09-20-2023,04:13
4760,,09-20-2023,04:15
4260,,09-20-2023,04:16
3005,,09-20-2023,04:18
4934,,09-20-2023,04:18
4297,,09-20-2023,04:20
4795,,09-20-2023,04:20
4481,,09-20-2023,04:38
5048,,09-20-2023,04:50
4906,,09-20-2023,05:00
4348,,09-20-2023,05:04
4965,,09-20-2023,05:05
4301,,09-20-2023,05:06
4746,,09-20-2023,05:07
4969,,09-20-2023,05:08
6004,,09-20-2023,05:08
4776,,09-20-2023,05:08
4971,,09-20-2023,05:11
1205,,09-20-2023,05:14
4908,,09-20-2023,05:14
4444,,09-20-2023,05:21
1350,,09-20-2023,05:30
3080,,09-20-2023,05:34
1288,,09-20-2023,05:34
1368,,09-20-2023,05:43
1827,,09-20-2023,05:46
1713,,09-20-2023,05:47
1843,,09-20-2023,05:51
4528,,09-20-2023,06:02
1833,,09-20-2023,06:04
1765,,09-20-2023,06:06
1849,,09-20-2023,06:08
1735,,09-20-2023,06:08
1400,,09-20-2023,06:15
1593,,09-20-2023,06:19
4975,,09-20-2023,06:40
4666,,09-20-2023,06:40
5063,,09-20-2023,07:02
4580,,09-20-2023,07:04
3598,,09-20-2023,07:06
4438,,09-20-2023,07:09
1462,,09-20-2023,07:13
5039,,09-20-2023,07:16
1350,,09-20-2023,08:00
1071,,09-20-2023,09:04
1744,,09-20-2023,09:04
4988,,09-20-2023,10:29
3842,,09-20-2023,10:44
1561,,09-20-2023,10:49
1414,,09-20-2023,11:00
4426,,09-20-2023,11:01
4642,,09-20-2023,11:01
4255,,09-20-2023,11:01
4706,,09-20-2023,11:01
1429,,09-20-2023,11:01
4325,,09-20-2023,11:02
4592,,09-20-2023,11:02
4547,,09-20-2023,11:02
4433,,09-20-2023,11:02
4709,,09-20-2023,11:02
4457,,09-20-2023,11:03
4439,,09-20-2023,11:03
4461,,09-20-2023,11:03
4436,,09-20-2023,11:03
4874,,09-20-2023,11:03
4738,,09-20-2023,11:03
1712,,09-20-2023,11:03
4717,,09-20-2023,11:03
4669,,09-20-2023,11:04
4694,,09-20-2023,11:04
4501,,09-20-2023,11:04
4938,,09-20-2023,11:04
4363,,09-20-2023,11:04
4622,,09-20-2023,11:04
1504,,09-20-2023,11:05
4959,,09-20-2023,11:05
4909,,09-20-2023,11:05
4780,,09-20-2023,11:05
4582,,09-20-2023,11:06
4815,,09-20-2023,11:06
1377,,09-20-2023,11:06
4437,,09-20-2023,11:06
4184,,09-20-2023,11:07
1839,,09-20-2023,11:07
1427,,09-20-2023,11:08
4411,,09-20-2023,11:08
4388,,09-20-2023,11:10
4516,,09-20-2023,11:11
4925,,09-20-2023,11:16
1715,,09-20-2023,11:16
4720,,09-20-2023,11:22
5026,,09-21-2023,05:26
1431,,09-21-2023,05:36
1770,,09-21-2023,05:40
4384,,09-21-2023,05:45
1846,,09-21-2023,05:46
1843,,09-21-2023,06:01
1842,,09-21-2023,06:01
1374,,09-21-2023,06:04
1837,,09-21-2023,06:06
1347,,09-21-2023,06:08
1834,,09-21-2023,06:08
4979,,09-21-2023,06:10
1827,,09-21-2023,06:11
4449,,09-21-2023,06:21
4756,,09-21-2023,06:22
4798,,09-21-2023,06:23
5020,,09-21-2023,06:28
4473,,09-21-2023,06:28
4924,,09-21-2023,06:33
4633,,09-21-2023,06:35
4351,,09-21-2023,06:35
1293,,09-21-2023,06:40
3358,,09-21-2023,06:40
4690,,09-21-2023,06:41
4963,,09-21-2023,06:42
4922,,09-21-2023,06:43
4454,,09-21-2023,06:43
4972,,09-21-2023,06:45
4537,,09-21-2023,06:47
4450,,09-21-2023,06:49
4451,,09-21-2023,06:49
5037,,09-21-2023,06:50
3598,,09-21-2023,06:53
4891,,09-21-2023,06:56
4427,,09-21-2023,06:56
1318,,09-21-2023,06:56
4933,,09-21-2023,06:57
4711,,09-21-2023,06:57
1424,,09-21-2023,07:01
1415,,09-21-2023,07:01
4703,,09-21-2023,07:01
4500,,09-21-2023,07:02
4574,,09-21-2023,07:02
4685,,09-21-2023,07:02
1428,,09-21-2023,07:03
4988,,09-21-2023,07:03
4502,,09-21-2023,07:03
4820,,09-21-2023,07:06
4493,,09-21-2023,07:07
4936,,09-21-2023,07:07
4612,,09-21-2023,07:08
4987,,09-21-2023,07:10
4846,,09-21-2023,07:14
4795,,09-21-2023,07:18
4975,,09-21-2023,07:21
4724,,09-21-2023,07:22
3842,,09-21-2023,07:22
4504,,09-21-2023,07:22
1588,,09-21-2023,07:23
4408,,09-21-2023,07:25
4977,,09-21-2023,07:27
4796,,09-21-2023,07:28
1094,,09-21-2023,07:31
4935,,09-21-2023,07:33
4534,,09-21-2023,07:35
4660,,09-21-2023,07:37
1852,,09-21-2023,07:38
1439,,09-21-2023,07:43
4905,,09-21-2023,07:43
4822,,09-21-2023,07:43
4814,,09-21-2023,07:44
1408,,09-21-2023,07:44
1535,,09-21-2023,07:45
4601,,09-21-2023,07:46
1223,,09-21-2023,07:46
3052,,09-21-2023,07:46
4369,,09-21-2023,07:48
4784,,09-21-2023,07:48
4976,,09-21-2023,07:49
4348,,09-21-2023,07:50
4684,,09-21-2023,07:50
4898,,09-21-2023,07:52
4806,,09-21-2023,07:53
3005,,09-21-2023,07:53
4775,,09-21-2023,07:53
5048,,09-21-2023,07:55
4667,,09-21-2023,07:56
4895,,09-21-2023,07:56
4867,,09-21-2023,07:57
4200,,09-21-2023,07:57
4769,,09-21-2023,07:59
1460,,09-21-2023,07:59
4530,,09-21-2023,07:59
4342,,09-21-2023,08:00
6006,,09-21-2023,08:00
1461,,09-21-2023,08:00
5022,,09-21-2023,08:01
7047,,09-21-2023,08:02
4741,,09-21-2023,08:05
4738,,09-21-2023,01:00
4599,,09-21-2023,01:06
4554,,09-21-2023,02:01
1363,,09-21-2023,02:03
4268,,09-21-2023,02:06
1687,,09-21-2023,02:17
4657,,09-21-2023,02:24
4709,,09-21-2023,02:28
4295,,09-21-2023,02:32
4735,,09-21-2023,02:37
4697,,09-21-2023,02:38
1427,,09-21-2023,02:39
4490,,09-21-2023,02:40
4975,,09-21-2023,02:41
1419,,09-21-2023,02:44
4811,,09-21-2023,02:45
4722,,09-21-2023,02:46
4706,,09-21-2023,02:46
4463,,09-21-2023,02:51
1377,,09-21-2023,02:53
4633,,09-21-2023,03:00
4569,,09-21-2023,03:01
4441,,09-21-2023,03:01
4486,,09-21-2023,03:01
4756,,09-21-2023,03:01
5020,,09-21-2023,03:01
4507,,09-21-2023,03:01
4922,,09-21-2023,03:01
4927,,09-21-2023,03:02
4824,,09-21-2023,03:02
4324,,09-21-2023,03:03
4339,,09-21-2023,03:03
4451,,09-21-2023,03:03
1389,,09-21-2023,03:03
4454,,09-21-2023,03:04
4755,,09-21-2023,03:04
1856,,09-21-2023,03:04
4626,,09-21-2023,03:06
4852,,09-21-2023,03:06
4986,,09-21-2023,03:06
4943,,09-21-2023,03:07
4819,,09-21-2023,03:07
4629,,09-21-2023,03:08
4591,,09-21-2023,03:08
4430,,09-21-2023,03:09
4447,,09-21-2023,03:09
4552,,09-21-2023,03:09
4461,,09-21-2023,03:11
4492,,09-21-2023,03:13
4718,,09-21-2023,03:13
4520,,09-21-2023,03:15
3787,,09-21-2023,03:15
4673,,09-21-2023,03:15
4580,,09-21-2023,03:16
4924,,09-21-2023,03:18
4381,,09-21-2023,03:18
3358,,09-21-2023,03:21
4551,,09-21-2023,03:24
4382,,09-21-2023,03:26
4661,,09-21-2023,03:31
4827,,09-21-2023,03:41
4611,,09-21-2023,03:58
4977,,09-21-2023,04:00
4800,,09-21-2023,04:00
4845,,09-21-2023,04:01
4881,,09-21-2023,04:01
4983,,09-21-2023,04:01
1550,,09-21-2023,04:01
4473,,09-21-2023,04:02
4900,,09-21-2023,04:02
4961,,09-21-2023,04:02
1821,,09-21-2023,04:02
4746,,09-21-2023,04:02
4836,,09-21-2023,04:02
4684,,09-21-2023,04:02
4375,,09-21-2023,04:03
4518,,09-21-2023,04:03
1417,,09-21-2023,04:03
4831,,09-21-2023,04:03
4256,,09-21-2023,04:03
4505,,09-21-2023,04:03
1439,,09-21-2023,04:03
1858,,09-21-2023,04:04
4906,,09-21-2023,04:04
4470,,09-21-2023,04:04
3047,,09-21-2023,04:05
4465,,09-21-2023,04:05
1462,,09-21-2023,04:05
3345,,09-21-2023,04:05
4301,,09-21-2023,04:05
7018,,09-21-2023,04:05
4883,,09-21-2023,04:05
4303,,09-21-2023,04:05
4796,,09-21-2023,04:05
4792,,09-21-2023,04:05
4898,,09-21-2023,04:06
4450,,09-21-2023,04:06
4369,,09-21-2023,04:06
4292,,09-21-2023,04:06
4309,,09-21-2023,04:07
3052,,09-21-2023,04:07
4766,,09-21-2023,04:07
4934,,09-21-2023,04:08
4660,,09-21-2023,04:09
4822,,09-21-2023,04:10
4795,,09-21-2023,04:10
4316,,09-21-2023,04:10
3346,,09-21-2023,04:10
4659,,09-21-2023,04:11
1223,,09-21-2023,04:11
4991,,09-21-2023,04:11
1512,,09-21-2023,04:11
4806,,09-21-2023,04:11
1234,,09-21-2023,04:11
4870,,09-21-2023,04:12
4896,,09-21-2023,04:12
1571,,09-21-2023,04:13
4769,,09-21-2023,04:13
5037,,09-21-2023,04:14
4481,,09-21-2023,04:14
4469,,09-21-2023,04:15
1544,,09-21-2023,04:17
4260,,09-21-2023,04:18
1845,,09-21-2023,04:35
6006,,09-21-2023,05:00
4201,,09-21-2023,05:01
4452,,09-21-2023,05:03
4930,,09-21-2023,05:03
4964,,09-21-2023,05:03
4517,,09-21-2023,05:03
4969,,09-21-2023,05:05
4955,,09-21-2023,05:05
4618,,09-21-2023,05:07
4530,,09-21-2023,05:08
3598,,09-21-2023,05:08
6004,,09-21-2023,05:10
4916,,09-21-2023,05:17
4908,,09-21-2023,05:17
1576,,09-21-2023,05:17
4971,,09-21-2023,05:25
1288,,09-21-2023,05:30
1849,,09-21-2023,05:38
1825,,09-21-2023,06:00
1400,,09-21-2023,06:00
1770,,09-21-2023,06:04
1848,,09-21-2023,06:05
1431,,09-21-2023,06:14
1735,,09-21-2023,06:17
1411,,09-21-2023,06:19
1701,,09-21-2023,07:35
1071,,09-21-2023,09:06
1744,,09-21-2023,09:06
1850,,09-21-2023,09:14
4501,,09-21-2023,10:26
4988,,09-21-2023,10:26
4789,,09-21-2023,10:39
4978,,09-21-2023,10:49
3842,,09-21-2023,10:55
4741,,09-21-2023,11:01
4545,,09-21-2023,11:01
1405,,09-21-2023,11:01
4295,,09-21-2023,11:01
1393,,09-21-2023,11:01
4592,,09-21-2023,11:01
4325,,09-21-2023,11:01
4417,,09-21-2023,11:01
4802,,09-21-2023,11:02
4808,,09-21-2023,11:02
4809,,09-21-2023,11:02
4664,,09-21-2023,11:02
4443,,09-21-2023,11:02
4676,,09-21-2023,11:02
4722,,09-21-2023,11:02
4669,,09-21-2023,11:02
1422,,09-21-2023,11:02
1428,,09-21-2023,11:02
4717,,09-21-2023,11:02
4749,,09-21-2023,11:02
4378,,09-21-2023,11:02
4874,,09-21-2023,11:03
1455,,09-21-2023,11:03
1429,,09-21-2023,11:03
1377,,09-21-2023,11:03
4709,,09-21-2023,11:04
4735,,09-21-2023,11:04
4433,,09-21-2023,11:05
4815,,09-21-2023,11:05
4388,,09-21-2023,11:06
1352,,09-21-2023,11:06
4975,,09-21-2023,11:06
4631,,09-21-2023,11:06
1339,,09-21-2023,11:06
4780,,09-21-2023,11:07
4438,,09-21-2023,11:07
4502,,09-21-2023,11:07
4925,,09-21-2023,11:08
1427,,09-21-2023,11:08
4508,,09-21-2023,11:10
4516,,09-21-2023,11:10
1706,,09-21-2023,11:10
4909,,09-21-2023,11:10
4959,,09-21-2023,11:10
4184,,09-21-2023,11:10
1839,,09-21-2023,11:10
4411,,09-21-2023,11:11
1684,,09-21-2023,11:12
4720,,09-21-2023,11:21
4677,,09-22-2023,12:00
4400,,09-22-2023,04:20
4724,,09-22-2023,05:10
1843,,09-22-2023,05:43
5026,,09-22-2023,05:46
1770,,09-22-2023,05:48
1827,,09-22-2023,05:52
4384,,09-22-2023,06:04
1374,,09-22-2023,06:05
1347,,09-22-2023,06:05
1593,,09-22-2023,06:06
1555,,09-22-2023,06:06
1295,,09-22-2023,06:08
1288,,09-22-2023,06:10
1849,,09-22-2023,06:12
3350,,09-22-2023,06:16
4386,,09-22-2023,06:16
4798,,09-22-2023,06:18
4756,,09-22-2023,06:21
4760,,09-22-2023,06:28
4688,,09-22-2023,06:29
5063,,09-22-2023,06:33
1428,,09-22-2023,06:33
4924,,09-22-2023,06:36
1293,,09-22-2023,06:37
1384,,09-22-2023,06:40
4787,,09-22-2023,06:40
1409,,09-22-2023,06:42
4910,,09-22-2023,06:44
4427,,09-22-2023,06:51
4450,,09-22-2023,06:51
3598,,09-22-2023,06:52
4972,,09-22-2023,06:54
1318,,09-22-2023,06:54
4451,,09-22-2023,06:54
4933,,09-22-2023,06:57
4608,,09-22-2023,06:59
4711,,09-22-2023,07:00
4574,,09-22-2023,07:02
4183,,09-22-2023,07:02
4341,,09-22-2023,07:03
1850,,09-22-2023,07:03
4685,,09-22-2023,07:03
4692,,09-22-2023,07:03
4595,,09-22-2023,07:04
1415,,09-22-2023,07:04
1424,,09-22-2023,07:04
4500,,09-22-2023,07:04
1313,,09-22-2023,07:04
1423,,09-22-2023,07:04
4942,,09-22-2023,07:04
4938,,09-22-2023,07:05
4493,,09-22-2023,07:05
1712,,09-22-2023,07:05
1479,,09-22-2023,07:06
4891,,09-22-2023,07:06
4556,,09-22-2023,07:07
4501,,09-22-2023,07:07
4988,,09-22-2023,07:07
4323,,09-22-2023,07:08
4936,,09-22-2023,07:09
5029,,09-22-2023,07:09
4987,,09-22-2023,07:09
4880,,09-22-2023,07:10
4703,,09-22-2023,07:15
4978,,09-22-2023,07:16
3842,,09-22-2023,07:21
4796,,09-22-2023,07:22
4795,,09-22-2023,07:25
4934,,09-22-2023,07:29
4935,,09-22-2023,07:30
4977,,09-22-2023,07:31
4906,,09-22-2023,07:31
1223,,09-22-2023,07:33
4369,,09-22-2023,07:36
4534,,09-22-2023,07:40
1535,,09-22-2023,07:42
4375,,09-22-2023,07:42
4518,,09-22-2023,07:43
1408,,09-22-2023,07:43
4814,,09-22-2023,07:44
7047,,09-22-2023,07:45
4898,,09-22-2023,07:49
4769,,09-22-2023,07:49
4784,,09-22-2023,07:50
4895,,09-22-2023,07:52
5048,,09-22-2023,07:52
4684,,09-22-2023,07:53
4342,,09-22-2023,07:53
4976,,09-22-2023,07:54
5022,,09-22-2023,07:54
1461,,09-22-2023,07:55
4775,,09-22-2023,07:55
4530,,09-22-2023,07:56
3005,,09-22-2023,07:56
4867,,09-22-2023,07:57
4523,,09-22-2023,07:58
4806,,09-22-2023,07:59
4741,,09-22-2023,08:03
4966,,09-22-2023,08:07
4963,,09-22-2023,01:56
1363,,09-22-2023,02:04
4268,,09-22-2023,02:08
4666,,09-22-2023,02:19
1370,,09-22-2023,02:29
4709,,09-22-2023,02:29
1427,,09-22-2023,02:36
4693,,09-22-2023,02:36
4823,,09-22-2023,02:36
4508,,09-22-2023,02:36
4781,,09-22-2023,02:37
4862,,09-22-2023,02:38
4811,,09-22-2023,02:41
1419,,09-22-2023,02:41
4706,,09-22-2023,02:46
4975,,09-22-2023,02:47
4633,,09-22-2023,03:00
4824,,09-22-2023,03:00
4630,,09-22-2023,03:00
4940,,09-22-2023,03:01
4353,,09-22-2023,03:01
4569,,09-22-2023,03:01
3618,,09-22-2023,03:02
1856,,09-22-2023,03:02
4927,,09-22-2023,03:02
4451,,09-22-2023,03:03
4756,,09-22-2023,03:03
4442,,09-22-2023,03:03
4787,,09-22-2023,03:03
4599,,09-22-2023,03:04
4851,,09-22-2023,03:04
1384,,09-22-2023,03:04
1389,,09-22-2023,03:04
4792,,09-22-2023,03:04
4690,,09-22-2023,03:05
4381,,09-22-2023,03:06
1434,,09-22-2023,03:06
1579,,09-22-2023,03:06
4819,,09-22-2023,03:06
4943,,09-22-2023,03:06
4552,,09-22-2023,03:07
4629,,09-22-2023,03:08
4184,,09-22-2023,03:10
4520,,09-22-2023,03:10
4986,,09-22-2023,03:10
4386,,09-22-2023,03:15
4617,,09-22-2023,03:16
4924,,09-22-2023,03:17
4738,,09-22-2023,03:20
4502,,09-22-2023,03:23
4551,,09-22-2023,03:25
4661,,09-22-2023,03:29
3346,,09-22-2023,03:33
4673,,09-22-2023,03:33
4503,,09-22-2023,03:42
4611,,09-22-2023,03:54
4482,,09-22-2023,03:55
4827,,09-22-2023,03:58
4977,,09-22-2023,04:00
4506,,09-22-2023,04:00
4867,,09-22-2023,04:01
1408,,09-22-2023,04:01
4620,,09-22-2023,04:01
1851,,09-22-2023,04:01
4871,,09-22-2023,04:01
4596,,09-22-2023,04:01
1462,,09-22-2023,04:01
4894,,09-22-2023,04:02
4905,,09-22-2023,04:02
4301,,09-22-2023,04:02
4845,,09-22-2023,04:02
4800,,09-22-2023,04:02
4655,,09-22-2023,04:02
4646,,09-22-2023,04:02
1821,,09-22-2023,04:02
4962,,09-22-2023,04:02
4196,,09-22-2023,04:02
4532,,09-22-2023,04:02
4910,,09-22-2023,04:02
4460,,09-22-2023,04:02
4746,,09-22-2023,04:03
4961,,09-22-2023,04:03
4898,,09-22-2023,04:03
4796,,09-22-2023,04:03
4831,,09-22-2023,04:04
4446,,09-22-2023,04:04
4684,,09-22-2023,04:04
4303,,09-22-2023,04:04
4618,,09-22-2023,04:04
5017,,09-22-2023,04:04
4419,,09-22-2023,04:04
4375,,09-22-2023,04:04
4584,,09-22-2023,04:05
5037,,09-22-2023,04:06
5047,,09-22-2023,04:06
3047,,09-22-2023,04:07
4292,,09-22-2023,04:08
4766,,09-22-2023,04:08
4853,,09-22-2023,04:09
4773,,09-22-2023,04:09
1439,,09-22-2023,04:09
4659,,09-22-2023,04:10
1234,,09-22-2023,04:10
4316,,09-22-2023,04:10
4450,,09-22-2023,04:10
4260,,09-22-2023,04:11
4540,,09-22-2023,04:12
1223,,09-22-2023,04:13
4991,,09-22-2023,04:13
1571,,09-22-2023,04:13
1479,,09-22-2023,04:14
1512,,09-22-2023,04:15
4465,,09-22-2023,04:17
4976,,09-22-2023,04:18
4470,,09-22-2023,04:23
4297,,09-22-2023,04:26
4608,,09-22-2023,04:31
4481,,09-22-2023,04:49
4348,,09-22-2023,05:01
3345,,09-22-2023,05:04
4530,,09-22-2023,05:05
1535,,09-22-2023,05:06
4969,,09-22-2023,05:07
1205,,09-22-2023,05:07
4727,,09-22-2023,05:12
4908,,09-22-2023,05:20
3598,,09-22-2023,05:22
4452,,09-22-2023,05:26
1849,,09-22-2023,05:35
1411,,09-22-2023,05:50
1400,,09-22-2023,06:02
1799,,09-22-2023,06:03
1848,,09-22-2023,06:03
1770,,09-22-2023,06:16
1842,,09-22-2023,06:18
1765,,09-22-2023,06:18
1827,,09-22-2023,06:20
1843,,09-22-2023,06:22
1833,,09-22-2023,06:23
1837,,09-22-2023,06:29
1701,,09-22-2023,07:28
1071,,09-22-2023,09:03
1744,,09-22-2023,09:06
1850,,09-22-2023,10:03
4485,,09-22-2023,10:23
5032,,09-22-2023,10:27
4988,,09-22-2023,10:32
1662,,09-22-2023,10:33
4642,,09-22-2023,11:00
4255,,09-22-2023,11:00
4802,,09-22-2023,11:01
1393,,09-22-2023,11:01
4400,,09-22-2023,11:01
4586,,09-22-2023,11:01
4295,,09-22-2023,11:01
4592,,09-22-2023,11:01
1405,,09-22-2023,11:01
4676,,09-22-2023,11:01
4963,,09-22-2023,11:01
4325,,09-22-2023,11:01
4669,,09-22-2023,11:01
4417,,09-22-2023,11:02
4547,,09-22-2023,11:02
5010,,09-22-2023,11:02
1455,,09-22-2023,11:02
4709,,09-22-2023,11:02
4373,,09-22-2023,11:02
4436,,09-22-2023,11:03
4931,,09-22-2023,11:04
4433,,09-22-2023,11:04
4657,,09-22-2023,11:04
4430,,09-22-2023,11:04
4909,,09-22-2023,11:04
4443,,09-22-2023,11:05
4706,,09-22-2023,11:05
4815,,09-22-2023,11:05
4761,,09-22-2023,11:05
4666,,09-22-2023,11:05
4437,,09-22-2023,11:05
4290,,09-22-2023,11:05
3042,,09-22-2023,11:05
1839,,09-22-2023,11:06
4411,,09-22-2023,11:06
1588,,09-22-2023,11:06
4975,,09-22-2023,11:06
4363,,09-22-2023,11:07
4925,,09-22-2023,11:10
4438,,09-22-2023,11:10
4508,,09-22-2023,11:11
4516,,09-22-2023,11:13
4780,,09-22-2023,11:15
4720,,09-22-2023,11:28
1427,,09-23-2023,03:09
5026,,09-23-2023,05:22
1288,,09-23-2023,05:38
1843,,09-23-2023,05:45
1827,,09-23-2023,05:49
4979,,09-23-2023,06:05
1849,,09-23-2023,06:07
1735,,09-23-2023,06:10
1593,,09-23-2023,06:11
1411,,09-23-2023,06:13
5020,,09-23-2023,06:15
4386,,09-23-2023,06:16
1551,,09-23-2023,06:26
4756,,09-23-2023,06:28
4473,,09-23-2023,06:29
3345,,09-23-2023,06:29
1205,,09-23-2023,06:32
4787,,09-23-2023,06:36
4760,,09-23-2023,06:36
4924,,09-23-2023,06:38
4972,,09-23-2023,06:39
3598,,09-23-2023,06:40
4798,,09-23-2023,06:40
4573,,09-23-2023,06:40
4910,,09-23-2023,06:42
4922,,09-23-2023,06:42
4454,,09-23-2023,06:43
4451,,09-23-2023,06:43
4254,,09-23-2023,06:44
4597,,09-23-2023,06:44
4364,,09-23-2023,06:45
1473,,09-23-2023,06:51
4450,,09-23-2023,06:53
4339,,09-23-2023,06:54
1318,,09-23-2023,06:57
1850,,09-23-2023,07:01
4685,,09-23-2023,07:01
3080,,09-23-2023,07:01
4942,,09-23-2023,07:01
4574,,09-23-2023,07:01
4183,,09-23-2023,07:02
1377,,09-23-2023,07:04
4988,,09-23-2023,07:05
5029,,09-23-2023,07:06
4724,,09-23-2023,07:06
1415,,09-23-2023,07:06
1424,,09-23-2023,07:07
4936,,09-23-2023,07:07
4600,,09-23-2023,07:07
4830,,09-23-2023,07:07
5032,,09-23-2023,07:07
4695,,09-23-2023,07:10
4501,,09-23-2023,07:10
4612,,09-23-2023,07:10
3989,,09-23-2023,07:10
4500,,09-23-2023,07:10
4938,,09-23-2023,07:10
4323,,09-23-2023,07:11
4703,,09-23-2023,07:12
4485,,09-23-2023,07:12
1479,,09-23-2023,07:13
4987,,09-23-2023,07:16
4389,,09-23-2023,07:16
4388,,09-23-2023,07:16
1314,,09-23-2023,07:17
4935,,09-23-2023,07:18
4900,,09-23-2023,07:22
4977,,09-23-2023,07:24
1408,,09-23-2023,07:26
1439,,09-23-2023,07:28
4895,,09-23-2023,07:30
4534,,09-23-2023,07:31
4796,,09-23-2023,07:31
4647,,09-23-2023,07:34
4784,,09-23-2023,07:38
4518,,09-23-2023,07:39
4853,,09-23-2023,07:39
5048,,09-23-2023,07:45
4369,,09-23-2023,07:46
1223,,09-23-2023,07:46
4814,,09-23-2023,07:47
5017,,09-23-2023,07:47
4530,,09-23-2023,07:47
4684,,09-23-2023,07:48
4905,,09-23-2023,07:48
3005,,09-23-2023,07:50
4769,,09-23-2023,07:50
3047,,09-23-2023,07:51
4775,,09-23-2023,07:51
4898,,09-23-2023,07:51
4978,,09-23-2023,07:53
4867,,09-23-2023,07:53
4806,,09-23-2023,07:54
4667,,09-23-2023,07:55
4200,,09-23-2023,07:57
4966,,09-23-2023,08:02
4706,,09-23-2023,11:43
1363,,09-23-2023,12:04
4268,,09-23-2023,12:19
4417,,09-23-2023,12:36
3346,,09-23-2023,01:01
4986,,09-23-2023,01:02
4755,,09-23-2023,01:02
4756,,09-23-2023,01:02
4441,,09-23-2023,01:02
4824,,09-23-2023,01:03
1856,,09-23-2023,01:03
5020,,09-23-2023,01:03
1100,,09-23-2023,01:04
4633,,09-23-2023,01:04
4184,,09-23-2023,01:09
4386,,09-23-2023,01:15
4520,,09-23-2023,01:20
1576,,09-23-2023,01:20
4927,,09-23-2023,02:00
4911,,09-23-2023,02:00
4469,,09-23-2023,02:01
4303,,09-23-2023,02:01
4977,,09-23-2023,02:01
4766,,09-23-2023,02:01
4256,,09-23-2023,02:01
4684,,09-23-2023,02:02
4746,,09-23-2023,02:02
1439,,09-23-2023,02:02
1408,,09-23-2023,02:02
4867,,09-23-2023,02:02
4795,,09-23-2023,02:03
4906,,09-23-2023,02:03
4655,,09-23-2023,02:03
4762,,09-23-2023,02:03
1821,,09-23-2023,02:04
1853,,09-23-2023,02:04
4976,,09-23-2023,02:04
3047,,09-23-2023,02:04
4898,,09-23-2023,02:04
4792,,09-23-2023,02:05
5013,,09-23-2023,02:05
4584,,09-23-2023,02:05
4796,,09-23-2023,02:05
1094,,09-23-2023,02:05
4332,,09-23-2023,02:05
4870,,09-23-2023,02:05
4292,,09-23-2023,02:06
4849,,09-23-2023,02:07
4375,,09-23-2023,02:07
4597,,09-23-2023,02:08
4260,,09-23-2023,02:09
4316,,09-23-2023,02:09
4978,,09-23-2023,02:09
1223,,09-23-2023,02:10
4991,,09-23-2023,02:10
4369,,09-23-2023,02:11
4934,,09-23-2023,02:12
1512,,09-23-2023,02:13
4481,,09-23-2023,02:25
4709,,09-23-2023,02:26
4297,,09-23-2023,02:26
1479,,09-23-2023,02:31
1835,,09-23-2023,02:31
1763,,09-23-2023,02:32
4666,,09-23-2023,02:34
1427,,09-23-2023,02:39
1419,,09-23-2023,02:41
4586,,09-23-2023,02:41
4463,,09-23-2023,02:44
4781,,09-23-2023,02:44
1280,,09-23-2023,02:48
4276,,09-23-2023,03:01
1389,,09-23-2023,03:02
4196,,09-23-2023,03:02
3350,,09-23-2023,03:03
4552,,09-23-2023,03:03
4454,,09-23-2023,03:03
4492,,09-23-2023,03:03
4451,,09-23-2023,03:03
4819,,09-23-2023,03:04
1579,,09-23-2023,03:04
4943,,09-23-2023,03:04
4618,,09-23-2023,03:04
4626,,09-23-2023,03:06
4617,,09-23-2023,03:06
4979,,09-23-2023,03:07
4382,,09-23-2023,03:07
1234,,09-23-2023,03:08
4798,,09-23-2023,03:08
4450,,09-23-2023,03:09
4800,,09-23-2023,03:09
4361,,09-23-2023,03:10
4969,,09-23-2023,03:10
4324,,09-23-2023,03:10
4608,,09-23-2023,03:11
4616,,09-23-2023,03:13
4486,,09-23-2023,03:13
4813,,09-23-2023,03:14
4673,,09-23-2023,03:14
4595,,09-23-2023,03:15
4580,,09-23-2023,03:16
1205,,09-23-2023,03:16
5027,,09-23-2023,03:16
4551,,09-23-2023,03:16
4760,,09-23-2023,03:19
4924,,09-23-2023,03:19
4908,,09-23-2023,03:21
4381,,09-23-2023,03:21
4446,,09-23-2023,03:21
3598,,09-23-2023,03:24
4661,,09-23-2023,03:30
4730,,09-23-2023,03:35
4827,,09-23-2023,03:59
4845,,09-23-2023,04:00
4530,,09-23-2023,04:03
1701,,09-23-2023,05:06
1431,,09-23-2023,05:44
1770,,09-23-2023,05:47
1825,,09-23-2023,05:49
1850,,09-23-2023,06:07
1842,,09-23-2023,06:08
1837,,09-23-2023,06:18
1843,,09-23-2023,06:19
1799,,09-23-2023,06:25
1827,,09-23-2023,06:25
1713,,09-23-2023,06:27
1791,,09-23-2023,06:29
1347,,09-23-2023,06:44
3042,,09-23-2023,07:01
4436,,09-23-2023,07:01
1393,,09-23-2023,07:01
4325,,09-23-2023,07:01
4547,,09-23-2023,07:01
4417,,09-23-2023,07:01
4592,,09-23-2023,07:02
1744,,09-23-2023,07:03
1839,,09-23-2023,07:06
4411,,09-23-2023,07:06
1588,,09-23-2023,07:06
4611,,09-23-2023,07:29
4718,,09-23-2023,09:02
1616,,09-23-2023,09:02
4988,,09-23-2023,10:29
3842,,09-23-2023,10:42
4987,,09-23-2023,10:47
1561,,09-23-2023,10:47
4619,,09-23-2023,10:53
4516,,09-23-2023,11:03
1706,,09-23-2023,11:03
4493,,09-23-2023,11:03
1455,,09-23-2023,11:03
4433,,09-23-2023,11:03
4823,,09-23-2023,11:03
4709,,09-23-2023,11:03
1377,,09-23-2023,11:04
4815,,09-23-2023,11:04
4720,,09-23-2023,11:04
1339,,09-23-2023,11:04
4571,,09-23-2023,11:05
4820,,09-23-2023,11:05
4690,,09-23-2023,11:05
4938,,09-23-2023,11:05
4437,,09-23-2023,11:06
4363,,09-23-2023,11:06
4438,,09-23-2023,11:06
4388,,09-23-2023,11:06
4666,,09-23-2023,11:07
4582,,09-23-2023,11:07
1427,,09-23-2023,11:07
4959,,09-23-2023,11:18
4465,,09-24-2023,12:00
3787,,09-24-2023,01:02
1850,,09-24-2023,01:02
4932,,09-24-2023,05:09
1849,,09-24-2023,05:44
1843,,09-24-2023,05:44
1743,,09-24-2023,05:48
4384,,09-24-2023,05:48
1292,,09-24-2023,05:51
1848,,09-24-2023,06:10
1825,,09-24-2023,06:11
1400,,09-24-2023,06:21
4442,,09-24-2023,06:21
4779,,09-24-2023,06:21
1770,,09-24-2023,06:21
1411,,09-24-2023,06:23
5020,,09-24-2023,06:24
4490,,09-24-2023,06:25
1765,,09-24-2023,06:27
1833,,09-24-2023,06:27
1735,,09-24-2023,06:31
4386,,09-24-2023,06:32
4781,,09-24-2023,06:39
1280,,09-24-2023,06:43
4760,,09-24-2023,06:46
4811,,09-24-2023,06:46
3358,,09-24-2023,06:47
4761,,09-24-2023,06:48
4450,,09-24-2023,06:51
4427,,09-24-2023,06:57
4975,,09-24-2023,06:58
4608,,09-24-2023,07:00
3080,,09-24-2023,07:00
4830,,09-24-2023,07:01
4487,,09-24-2023,07:02
5029,,09-24-2023,07:02
4183,,09-24-2023,07:03
1424,,09-24-2023,07:03
4942,,09-24-2023,07:04
4502,,09-24-2023,07:04
4334,,09-24-2023,07:05
4936,,09-24-2023,07:06
4612,,09-24-2023,07:07
4695,,09-24-2023,07:07
1684,,09-24-2023,07:07
4323,,09-24-2023,07:07
4500,,09-24-2023,07:09
3842,,09-24-2023,07:17
4988,,09-24-2023,07:19
1562,,09-24-2023,07:38
4348,,09-24-2023,07:46
4978,,09-24-2023,07:52
4530,,09-24-2023,07:57
4775,,09-24-2023,07:57
4523,,09-24-2023,07:58
4741,,09-24-2023,08:00
4966,,09-24-2023,08:02
4611,,09-24-2023,11:12
4601,,09-24-2023,11:13
1850,,09-24-2023,02:06
4690,,09-24-2023,02:39
5032,,09-24-2023,02:48
4815,,09-24-2023,03:02
3623,,09-24-2023,03:02
4666,,09-24-2023,03:03
4493,,09-24-2023,03:03
4442,,09-24-2023,03:05
5020,,09-24-2023,03:05
4501,,09-24-2023,03:05
1696,,09-24-2023,03:05
1706,,09-24-2023,03:05
4780,,09-24-2023,03:06
4733,,09-24-2023,03:08
4439,,09-24-2023,03:08
4438,,09-24-2023,03:08
1687,,09-24-2023,03:12
4386,,09-24-2023,03:12
4388,,09-24-2023,03:12
4975,,09-24-2023,03:12
4184,,09-24-2023,03:12
4959,,09-24-2023,03:15
4717,,09-24-2023,03:32
4600,,09-24-2023,03:33
4608,,09-24-2023,04:02
4400,,09-24-2023,04:02
4800,,09-24-2023,04:03
4978,,09-24-2023,04:04
4363,,09-24-2023,04:05
5039,,09-24-2023,04:05
1205,,09-24-2023,04:05
4450,,09-24-2023,04:08
4813,,09-24-2023,04:10
4746,,09-24-2023,04:11
4971,,09-24-2023,04:18
4760,,09-24-2023,04:20
4528,,09-24-2023,04:59
4618,,09-24-2023,04:59
4407,,09-24-2023,04:59
4530,,09-24-2023,05:01
4427,,09-24-2023,05:13
1350,,09-24-2023,05:23
1827,,09-24-2023,05:44
1791,,09-24-2023,05:46
1825,,09-24-2023,05:50
1770,,09-24-2023,05:50
1347,,09-24-2023,06:03
1374,,09-24-2023,06:05
1849,,09-24-2023,06:12
1593,,09-24-2023,06:12
1843,,09-24-2023,06:15
1842,,09-24-2023,06:26
4447,,09-24-2023,07:07
4451,,09-24-2023,10:43
1473,,09-24-2023,10:49
4454,,09-24-2023,10:51
1850,,09-24-2023,11:00
4547,,09-24-2023,11:01
4574,,09-24-2023,11:01
4496,,09-24-2023,11:01
4183,,09-24-2023,11:01
4718,,09-24-2023,11:02
4619,,09-24-2023,11:02
5029,,09-24-2023,11:02
4571,,09-24-2023,11:02
4542,,09-24-2023,11:02
4942,,09-24-2023,11:03
4936,,09-24-2023,11:03
1343,,09-24-2023,11:03
1429,,09-24-2023,11:03
4690,,09-24-2023,11:04
4430,,09-24-2023,11:04
4724,,09-24-2023,11:07
1588,,09-24-2023,11:07
4323,,09-24-2023,11:09
4516,,09-24-2023,11:18
4966,,09-25-2023,12:04
5026,,09-25-2023,05:35
1849,,09-25-2023,05:40
4384,,09-25-2023,05:51
1713,,09-25-2023,06:03
1431,,09-25-2023,06:04
1765,,09-25-2023,06:05
1833,,09-25-2023,06:06
1825,,09-25-2023,06:08
1827,,09-25-2023,06:08
1837,,09-25-2023,06:09
1848,,09-25-2023,06:09
1350,,09-25-2023,06:11
1400,,09-25-2023,06:11
1799,,09-25-2023,06:12
4386,,09-25-2023,06:15
4782,,09-25-2023,06:21
4273,,09-25-2023,06:22
1770,,09-25-2023,06:25
4688,,09-25-2023,06:25
4760,,09-25-2023,06:25
4756,,09-25-2023,06:27
4709,,09-25-2023,06:29
5020,,09-25-2023,06:32
1293,,09-25-2023,06:34
4910,,09-25-2023,06:36
4811,,09-25-2023,06:43
1419,,09-25-2023,06:43
4781,,09-25-2023,06:45
4379,,09-25-2023,06:45
1280,,09-25-2023,06:46
3598,,09-25-2023,06:49
4761,,09-25-2023,06:49
4975,,09-25-2023,06:50
4686,,09-25-2023,06:50
4427,,09-25-2023,06:53
1318,,09-25-2023,06:55
4354,,09-25-2023,06:56
4608,,09-25-2023,06:59
3080,,09-25-2023,07:00
4738,,09-25-2023,07:01
4580,,09-25-2023,07:02
4324,,09-25-2023,07:02
1712,,09-25-2023,07:02
4932,,09-25-2023,07:02
3787,,09-25-2023,07:02
4486,,09-25-2023,07:02
4851,,09-25-2023,07:04
1389,,09-25-2023,07:05
4891,,09-25-2023,07:07
4537,,09-25-2023,07:07
1479,,09-25-2023,07:07
4819,,09-25-2023,07:08
4382,,09-25-2023,07:08
4454,,09-25-2023,07:08
1579,,09-25-2023,07:09
5027,,09-25-2023,07:09
4830,,09-25-2023,07:10
4381,,09-25-2023,07:11
4617,,09-25-2023,07:11
4451,,09-25-2023,07:19
4862,,09-25-2023,07:19
1473,,09-25-2023,07:26
1408,,09-25-2023,07:27
4935,,09-25-2023,07:28
4796,,09-25-2023,07:29
4909,,09-25-2023,07:35
1852,,09-25-2023,07:40
4895,,09-25-2023,07:45
4530,,09-25-2023,07:46
4684,,09-25-2023,07:49
1223,,09-25-2023,07:49
3005,,09-25-2023,07:50
4898,,09-25-2023,07:50
1460,,09-25-2023,07:52
4769,,09-25-2023,07:52
4776,,09-25-2023,07:54
4200,,09-25-2023,07:55
1851,,09-25-2023,07:55
4978,,09-25-2023,07:56
4667,,09-25-2023,07:56
4806,,09-25-2023,07:57
4675,,09-25-2023,07:58
4867,,09-25-2023,07:58
1417,,09-25-2023,07:59
4444,,09-25-2023,07:59
1461,,09-25-2023,08:00
4342,,09-25-2023,08:01
5048,,09-25-2023,08:04
4972,,09-25-2023,11:03
1363,,09-25-2023,02:04
1744,,09-25-2023,02:06
4708,,09-25-2023,02:09
4625,,09-25-2023,02:23
4988,,09-25-2023,02:25
1850,,09-25-2023,02:26
4508,,09-25-2023,02:29
4534,,09-25-2023,02:34
4369,,09-25-2023,02:36
4977,,09-25-2023,02:48
4987,,09-25-2023,02:50
1293,,09-25-2023,03:00
4633,,09-25-2023,03:01
4756,,09-25-2023,03:01
4755,,09-25-2023,03:02
4325,,09-25-2023,03:02
5020,,09-25-2023,03:02
4441,,09-25-2023,03:02
4824,,09-25-2023,03:02
4493,,09-25-2023,03:03
1856,,09-25-2023,03:03
5033,,09-25-2023,03:03
1384,,09-25-2023,03:04
4490,,09-25-2023,03:05
4810,,09-25-2023,03:05
4582,,09-25-2023,03:06
4780,,09-25-2023,03:06
1428,,09-25-2023,03:07
1504,,09-25-2023,03:07
4975,,09-25-2023,03:07
1706,,09-25-2023,03:09
4438,,09-25-2023,03:09
1407,,09-25-2023,03:10
4735,,09-25-2023,03:13
4986,,09-25-2023,03:16
4925,,09-25-2023,03:17
4709,,09-25-2023,03:21
4959,,09-25-2023,03:22
4720,,09-25-2023,03:22
4718,,09-25-2023,03:24
4717,,09-25-2023,03:24
4386,,09-25-2023,03:26
3346,,09-25-2023,03:36
4184,,09-25-2023,03:37
1839,,09-25-2023,03:37
4411,,09-25-2023,03:38
4725,,09-25-2023,03:42
1414,,09-25-2023,04:00
4855,,09-25-2023,04:00
4911,,09-25-2023,04:00
4856,,09-25-2023,04:00
4950,,09-25-2023,04:00
4256,,09-25-2023,04:00
4655,,09-25-2023,04:00
4871,,09-25-2023,04:00
1821,,09-25-2023,04:00
1405,,09-25-2023,04:01
4400,,09-25-2023,04:01
4620,,09-25-2023,04:01
4301,,09-25-2023,04:02
4910,,09-25-2023,04:02
4762,,09-25-2023,04:02
4303,,09-25-2023,04:02
4796,,09-25-2023,04:03
4898,,09-25-2023,04:03
1408,,09-25-2023,04:03
1853,,09-25-2023,04:03
4906,,09-25-2023,04:03
4196,,09-25-2023,04:04
3358,,09-25-2023,04:04
4446,,09-25-2023,04:04
4521,,09-25-2023,04:04
5017,,09-25-2023,04:04
3047,,09-25-2023,04:05
4465,,09-25-2023,04:05
1417,,09-25-2023,04:05
4469,,09-25-2023,04:05
4766,,09-25-2023,04:06
4554,,09-25-2023,04:06
3351,,09-25-2023,04:06
4584,,09-25-2023,04:06
4806,,09-25-2023,04:06
4363,,09-25-2023,04:07
1223,,09-25-2023,04:07
4447,,09-25-2023,04:07
4822,,09-25-2023,04:07
1094,,09-25-2023,04:07
3069,,09-25-2023,04:08
4800,,09-25-2023,04:09
4870,,09-25-2023,04:09
4853,,09-25-2023,04:09
4978,,09-25-2023,04:10
4877,,09-25-2023,04:10
4807,,09-25-2023,04:10
1835,,09-25-2023,04:11
4659,,09-25-2023,04:11
4991,,09-25-2023,04:11
4741,,09-25-2023,04:11
4795,,09-25-2023,04:11
4260,,09-25-2023,04:11
4444,,09-25-2023,04:15
4597,,09-25-2023,04:15
4410,,09-25-2023,04:16
4813,,09-25-2023,04:21
4909,,09-25-2023,04:22
3005,,09-25-2023,04:24
4760,,09-25-2023,04:31
4481,,09-25-2023,04:41
3598,,09-25-2023,04:42
4530,,09-25-2023,05:01
4348,,09-25-2023,05:01
7018,,09-25-2023,05:02
4452,,09-25-2023,05:03
4969,,09-25-2023,05:04
3345,,09-25-2023,05:04
3350,,09-25-2023,05:06
4916,,09-25-2023,05:13
1205,,09-25-2023,05:13
1462,,09-25-2023,05:19
4971,,09-25-2023,05:20
1843,,09-25-2023,05:31
4608,,09-25-2023,05:32
1288,,09-25-2023,05:34
1702,,09-25-2023,05:38
1350,,09-25-2023,05:39
1374,,09-25-2023,05:41
1770,,09-25-2023,05:49
1827,,09-25-2023,05:50
1593,,09-25-2023,06:01
1411,,09-25-2023,06:02
1295,,09-25-2023,06:09
1849,,09-25-2023,06:09
1735,,09-25-2023,06:13
1791,,09-25-2023,06:15
4908,,09-25-2023,06:25
1701,,09-25-2023,07:02
4683,,09-25-2023,10:30
4573,,09-25-2023,10:35
1473,,09-25-2023,10:37
1381,,09-25-2023,10:37
4924,,09-25-2023,10:40
1850,,09-25-2023,11:00
1818,,09-25-2023,11:00
4977,,09-25-2023,11:00
4743,,09-25-2023,11:01
4852,,09-25-2023,11:01
4927,,09-25-2023,11:01
4571,,09-25-2023,11:01
4845,,09-25-2023,11:01
4542,,09-25-2023,11:01
4534,,09-25-2023,11:01
4685,,09-25-2023,11:02
4808,,09-25-2023,11:02
4662,,09-25-2023,11:02
4567,,09-25-2023,11:02
4965,,09-25-2023,11:02
4599,,09-25-2023,11:02
4485,,09-25-2023,11:02
4848,,09-25-2023,11:02
4574,,09-25-2023,11:02
4417,,09-25-2023,11:02
4547,,09-25-2023,11:02
5013,,09-25-2023,11:03
4885,,09-25-2023,11:03
4860,,09-25-2023,11:03
4508,,09-25-2023,11:03
4369,,09-25-2023,11:03
1576,,09-25-2023,11:04
1588,,09-25-2023,11:04
4724,,09-25-2023,11:04
5029,,09-25-2023,11:05
1424,,09-25-2023,11:07
1478,,09-25-2023,11:07
4323,,09-25-2023,11:08
4988,,09-25-2023,11:10
4389,,09-25-2023,11:11
4612,,09-25-2023,11:14
4502,,09-25-2023,11:14
4936,,09-25-2023,11:15
4703,,09-25-2023,11:15
1415,,09-25-2023,11:20
4966,,09-26-2023,12:02
3053,,09-26-2023,12:05
5026,,09-26-2023,05:23
1849,,09-26-2023,05:36
4384,,09-26-2023,05:54
1799,,09-26-2023,06:03
1770,,09-26-2023,06:04
1350,,09-26-2023,06:04
1288,,09-26-2023,06:11
4386,,09-26-2023,06:13
1843,,09-26-2023,06:13
4657,,09-26-2023,06:16
1837,,09-26-2023,06:17
1850,,09-26-2023,06:18
4756,,09-26-2023,06:18
5020,,09-26-2023,06:18
1347,,09-26-2023,06:19
1842,,09-26-2023,06:20
1827,,09-26-2023,06:21
1374,,09-26-2023,06:21
4273,,09-26-2023,06:24
4760,,09-26-2023,06:24
1848,,09-26-2023,06:24
4725,,09-26-2023,06:26
4709,,09-26-2023,06:27
4582,,09-26-2023,06:33
3345,,09-26-2023,06:33
1427,,09-26-2023,06:33
4781,,09-26-2023,06:34
4886,,09-26-2023,06:34
1293,,09-26-2023,06:34
4439,,09-26-2023,06:43
1419,,09-26-2023,06:43
4811,,09-26-2023,06:44
4975,,09-26-2023,06:47
1280,,09-26-2023,06:48
4972,,09-26-2023,06:49
4427,,09-26-2023,06:55
4450,,09-26-2023,06:57
1318,,09-26-2023,06:57
4891,,09-26-2023,06:59
3080,,09-26-2023,07:00
4324,,09-26-2023,07:01
4276,,09-26-2023,07:01
4454,,09-26-2023,07:01
4617,,09-26-2023,07:02
4924,,09-26-2023,07:02
4738,,09-26-2023,07:02
4186,,09-26-2023,07:02
4334,,09-26-2023,07:03
5027,,09-26-2023,07:04
4683,,09-26-2023,07:04
1381,,09-26-2023,07:04
4341,,09-26-2023,07:04
4673,,09-26-2023,07:05
4580,,09-26-2023,07:06
4851,,09-26-2023,07:06
4819,,09-26-2023,07:06
4573,,09-26-2023,07:06
4381,,09-26-2023,07:06
1579,,09-26-2023,07:07
4938,,09-26-2023,07:07
4830,,09-26-2023,07:08
4552,,09-26-2023,07:08
4595,,09-26-2023,07:09
4661,,09-26-2023,07:09
4354,,09-26-2023,07:09
1314,,09-26-2023,07:10
1479,,09-26-2023,07:12
4382,,09-26-2023,07:13
4827,,09-26-2023,07:15
1473,,09-26-2023,07:17
4935,,09-26-2023,07:18
4611,,09-26-2023,07:19
4977,,09-26-2023,07:20
4906,,09-26-2023,07:23
1408,,09-26-2023,07:33
4853,,09-26-2023,07:34
4796,,09-26-2023,07:35
4444,,09-26-2023,07:36
4895,,09-26-2023,07:37
4877,,09-26-2023,07:39
4775,,09-26-2023,07:47
4530,,09-26-2023,07:52
4898,,09-26-2023,07:52
1460,,09-26-2023,07:54
4769,,09-26-2023,07:54
4297,,09-26-2023,07:55
4976,,09-26-2023,07:55
4200,,09-26-2023,07:55
4867,,09-26-2023,07:55
6006,,09-26-2023,07:55
5048,,09-26-2023,07:55
1417,,09-26-2023,07:56
4978,,09-26-2023,07:56
1851,,09-26-2023,07:57
3005,,09-26-2023,07:58
4675,,09-26-2023,07:58
4806,,09-26-2023,08:01
5022,,09-26-2023,08:01
4943,,09-26-2023,08:05
4342,,09-26-2023,08:20
1223,,09-26-2023,12:02
4268,,09-26-2023,02:04
1363,,09-26-2023,02:04
1744,,09-26-2023,02:06
4988,,09-26-2023,02:28
4369,,09-26-2023,02:36
4534,,09-26-2023,02:37
4922,,09-26-2023,02:40
1687,,09-26-2023,02:46
4986,,09-26-2023,02:59
4633,,09-26-2023,03:00
4325,,09-26-2023,03:00
4802,,09-26-2023,03:01
4940,,09-26-2023,03:01
4740,,09-26-2023,03:02
4824,,09-26-2023,03:02
4545,,09-26-2023,03:02
4756,,09-26-2023,03:02
5020,,09-26-2023,03:02
1850,,09-26-2023,03:03
4823,,09-26-2023,03:04
1455,,09-26-2023,03:04
4493,,09-26-2023,03:04
1448,,09-26-2023,03:04
1428,,09-26-2023,03:04
1856,,09-26-2023,03:06
4755,,09-26-2023,03:06
1352,,09-26-2023,03:06
4657,,09-26-2023,03:08
1407,,09-26-2023,03:08
4780,,09-26-2023,03:08
4516,,09-26-2023,03:09
4439,,09-26-2023,03:09
4720,,09-26-2023,03:10
4386,,09-26-2023,03:11
5035,,09-26-2023,03:11
1427,,09-26-2023,03:12
4457,,09-26-2023,03:12
4717,,09-26-2023,03:16
4975,,09-26-2023,03:17
4441,,09-26-2023,03:17
4709,,09-26-2023,03:18
4959,,09-26-2023,03:20
4718,,09-26-2023,03:24
4411,,09-26-2023,03:29
4592,,09-26-2023,03:37
4184,,09-26-2023,03:40
1852,,09-26-2023,04:00
4977,,09-26-2023,04:00
1405,,09-26-2023,04:00
4645,,09-26-2023,04:00
4880,,09-26-2023,04:01
4855,,09-26-2023,04:01
1414,,09-26-2023,04:01
4459,,09-26-2023,04:01
1417,,09-26-2023,04:01
4469,,09-26-2023,04:01
4196,,09-26-2023,04:01
4871,,09-26-2023,04:01
4303,,09-26-2023,04:01
4400,,09-26-2023,04:02
4881,,09-26-2023,04:02
1821,,09-26-2023,04:02
4954,,09-26-2023,04:02
4905,,09-26-2023,04:02
1408,,09-26-2023,04:02
4540,,09-26-2023,04:02
4586,,09-26-2023,04:02
4684,,09-26-2023,04:03
3351,,09-26-2023,04:03
4955,,09-26-2023,04:03
4388,,09-26-2023,04:03
4295,,09-26-2023,04:03
4647,,09-26-2023,04:03
4792,,09-26-2023,04:04
4309,,09-26-2023,04:04
4898,,09-26-2023,04:04
4760,,09-26-2023,04:04
1853,,09-26-2023,04:04
3047,,09-26-2023,04:05
4584,,09-26-2023,04:05
4363,,09-26-2023,04:05
4822,,09-26-2023,04:05
4447,,09-26-2023,04:06
4766,,09-26-2023,04:06
1836,,09-26-2023,04:06
4795,,09-26-2023,04:06
1094,,09-26-2023,04:07
4354,,09-26-2023,04:07
4616,,09-26-2023,04:07
4722,,09-26-2023,04:09
4465,,09-26-2023,04:09
4301,,09-26-2023,04:09
4554,,09-26-2023,04:09
1420,,09-26-2023,04:09
1479,,09-26-2023,04:09
4952,,09-26-2023,04:09
4978,,09-26-2023,04:09
4292,,09-26-2023,04:09
4773,,09-26-2023,04:10
4260,,09-26-2023,04:11
7047,,09-26-2023,04:11
4870,,09-26-2023,04:11
1506,,09-26-2023,04:11
4796,,09-26-2023,04:14
4659,,09-26-2023,04:16
4991,,09-26-2023,04:16
4297,,09-26-2023,04:24
4444,,09-26-2023,04:26
4909,,09-26-2023,04:38
4481,,09-26-2023,04:41
3598,,09-26-2023,04:44
7018,,09-26-2023,04:47
4813,,09-26-2023,04:48
6006,,09-26-2023,04:55
1462,,09-26-2023,04:55
4965,,09-26-2023,05:00
4530,,09-26-2023,05:00
4348,,09-26-2023,05:02
4427,,09-26-2023,05:04
1205,,09-26-2023,05:04
4969,,09-26-2023,05:07
4971,,09-26-2023,05:11
1843,,09-26-2023,05:30
1374,,09-26-2023,05:32
1350,,09-26-2023,05:32
1288,,09-26-2023,05:39
1827,,09-26-2023,05:46
4776,,09-26-2023,06:03
1833,,09-26-2023,06:04
1844,,09-26-2023,06:06
1411,,09-26-2023,06:08
1400,,09-26-2023,06:08
1701,,09-26-2023,06:12
1593,,09-26-2023,06:13
4573,,09-26-2023,06:44
4815,,09-26-2023,07:05
4450,,09-26-2023,07:11
1565,,09-26-2023,10:17
4690,,09-26-2023,10:31
4924,,09-26-2023,10:37
1381,,09-26-2023,10:44
4451,,09-26-2023,10:46
1473,,09-26-2023,10:51
4927,,09-26-2023,10:59
4567,,09-26-2023,11:00
4685,,09-26-2023,11:00
4885,,09-26-2023,11:00
4353,,09-26-2023,11:01
4542,,09-26-2023,11:01
4642,,09-26-2023,11:01
1314,,09-26-2023,11:01
4599,,09-26-2023,11:02
4417,,09-26-2023,11:02
4922,,09-26-2023,11:02
4574,,09-26-2023,11:02
4183,,09-26-2023,11:02
4841,,09-26-2023,11:02
4852,,09-26-2023,11:02
4917,,09-26-2023,11:02
5011,,09-26-2023,11:03
4748,,09-26-2023,11:03
4482,,09-26-2023,11:03
4341,,09-26-2023,11:03
4366,,09-26-2023,11:03
1423,,09-26-2023,11:03
4619,,09-26-2023,11:03
5029,,09-26-2023,11:03
4762,,09-26-2023,11:03
5013,,09-26-2023,11:04
1424,,09-26-2023,11:05
4703,,09-26-2023,11:05
4369,,09-26-2023,11:06
1415,,09-26-2023,11:06
4988,,09-26-2023,11:07
4628,,09-26-2023,11:07
4430,,09-26-2023,11:07
4502,,09-26-2023,11:09
4323,,09-26-2023,11:10
4724,,09-26-2023,11:12
1576,,09-26-2023,11:12
3842,,09-26-2023,11:17
1687,,09-26-2023,11:23
4518,,09-26-2023,11:59
4966,,09-27-2023,12:03
5026,,09-27-2023,05:25
1431,,09-27-2023,05:35
1825,,09-27-2023,05:42
1702,,09-27-2023,05:48
1770,,09-27-2023,05:48
4384,,09-27-2023,05:52
1842,,09-27-2023,06:01
1347,,09-27-2023,06:01
1350,,09-27-2023,06:02
1837,,09-27-2023,06:03
1791,,09-27-2023,06:03
1288,,09-27-2023,06:03
1374,,09-27-2023,06:05
1843,,09-27-2023,06:08
1827,,09-27-2023,06:09
1713,,09-27-2023,06:10
4386,,09-27-2023,06:15
4760,,09-27-2023,06:19
4756,,09-27-2023,06:20
1229,,09-27-2023,06:20
4273,,09-27-2023,06:23
4582,,09-27-2023,06:28
5020,,09-27-2023,06:29
1427,,09-27-2023,06:29
1428,,09-27-2023,06:31
3345,,09-27-2023,06:31
4709,,09-27-2023,06:32
4633,,09-27-2023,06:35
4706,,09-27-2023,06:36
4501,,09-27-2023,06:36
4782,,09-27-2023,06:36
4910,,09-27-2023,06:38
3598,,09-27-2023,06:40
4450,,09-27-2023,06:49
1419,,09-27-2023,06:50
4972,,09-27-2023,06:53
4354,,09-27-2023,06:53
4975,,09-27-2023,06:54
4427,,09-27-2023,06:58
1318,,09-27-2023,06:59
4891,,09-27-2023,06:59
1535,,09-27-2023,07:00
4608,,09-27-2023,07:00
4451,,09-27-2023,07:01
4454,,09-27-2023,07:01
4276,,09-27-2023,07:02
4738,,09-27-2023,07:03
4830,,09-27-2023,07:03
4673,,09-27-2023,07:04
4552,,09-27-2023,07:04
4594,,09-27-2023,07:04
4525,,09-27-2023,07:05
4461,,09-27-2023,07:05
4551,,09-27-2023,07:05
1381,,09-27-2023,07:06
4661,,09-27-2023,07:06
4580,,09-27-2023,07:06
4924,,09-27-2023,07:06
4324,,09-27-2023,07:06
4571,,09-27-2023,07:08
1234,,09-27-2023,07:08
3989,,09-27-2023,07:08
5027,,09-27-2023,07:09
4492,,09-27-2023,07:09
4943,,09-27-2023,07:09
1409,,09-27-2023,07:09
1579,,09-27-2023,07:09
1314,,09-27-2023,07:11
4611,,09-27-2023,07:13
1479,,09-27-2023,07:13
4382,,09-27-2023,07:17
5015,,09-27-2023,07:18
4827,,09-27-2023,07:18
4591,,09-27-2023,07:19
3787,,09-27-2023,07:23
4520,,09-27-2023,07:23
1408,,09-27-2023,07:24
1851,,09-27-2023,07:24
4873,,09-27-2023,07:24
4977,,09-27-2023,07:30
4796,,09-27-2023,07:32
1223,,09-27-2023,07:41
4297,,09-27-2023,07:41
4853,,09-27-2023,07:42
4870,,09-27-2023,07:43
1852,,09-27-2023,07:48
4895,,09-27-2023,07:49
1573,,09-27-2023,07:50
4898,,09-27-2023,07:50
1417,,09-27-2023,07:53
4444,,09-27-2023,07:54
4976,,09-27-2023,07:54
4200,,09-27-2023,07:54
4684,,09-27-2023,07:55
4675,,09-27-2023,07:55
4978,,09-27-2023,07:55
3005,,09-27-2023,07:56
4528,,09-27-2023,07:58
4342,,09-27-2023,07:59
4867,,09-27-2023,08:02
1550,,09-27-2023,08:02
3080,,09-27-2023,08:05
4268,,09-27-2023,02:04
1071,,09-27-2023,02:06
1363,,09-27-2023,02:08
1744,,09-27-2023,02:13
4988,,09-27-2023,02:24
4534,,09-27-2023,02:33
4922,,09-27-2023,02:41
5032,,09-27-2023,02:44
4784,,09-27-2023,02:51
1561,,09-27-2023,02:57
4633,,09-27-2023,02:59
1293,,09-27-2023,03:00
4442,,09-27-2023,03:01
4545,,09-27-2023,03:01
5020,,09-27-2023,03:01
5064,,09-27-2023,03:01
4824,,09-27-2023,03:02
4823,,09-27-2023,03:02
4325,,09-27-2023,03:02
4756,,09-27-2023,03:02
4986,,09-27-2023,03:02
4586,,09-27-2023,03:02
4493,,09-27-2023,03:02
4516,,09-27-2023,03:03
4792,,09-27-2023,03:03
1384,,09-27-2023,03:03
1856,,09-27-2023,03:03
4437,,09-27-2023,03:03
1455,,09-27-2023,03:05
1428,,09-27-2023,03:05
4779,,09-27-2023,03:06
4582,,09-27-2023,03:06
4339,,09-27-2023,03:07
1448,,09-27-2023,03:08
4386,,09-27-2023,03:08
1427,,09-27-2023,03:10
1352,,09-27-2023,03:10
4815,,09-27-2023,03:11
1313,,09-27-2023,03:11
1407,,09-27-2023,03:12
4388,,09-27-2023,03:12
4948,,09-27-2023,03:15
4717,,09-27-2023,03:15
4697,,09-27-2023,03:15
4709,,09-27-2023,03:16
4985,,09-27-2023,03:17
1429,,09-27-2023,03:17
4959,,09-27-2023,03:22
3346,,09-27-2023,03:31
4184,,09-27-2023,03:32
4411,,09-27-2023,03:33
1839,,09-27-2023,03:33
4518,,09-27-2023,03:34
4725,,09-27-2023,03:49
4977,,09-27-2023,04:00
4855,,09-27-2023,04:00
4894,,09-27-2023,04:00
4783,,09-27-2023,04:00
1405,,09-27-2023,04:00
4746,,09-27-2023,04:01
4911,,09-27-2023,04:01
4856,,09-27-2023,04:01
4905,,09-27-2023,04:01
4867,,09-27-2023,04:01
4645,,09-27-2023,04:01
4983,,09-27-2023,04:01
4871,,09-27-2023,04:01
4196,,09-27-2023,04:02
4962,,09-27-2023,04:02
1853,,09-27-2023,04:03
4860,,09-27-2023,04:03
3358,,09-27-2023,04:03
1852,,09-27-2023,04:04
4291,,09-27-2023,04:04
4766,,09-27-2023,04:05
4559,,09-27-2023,04:05
4912,,09-27-2023,04:05
4831,,09-27-2023,04:06
4469,,09-27-2023,04:06
4975,,09-27-2023,04:06
4584,,09-27-2023,04:06
4898,,09-27-2023,04:06
1535,,09-27-2023,04:06
1591,,09-27-2023,04:06
4684,,09-27-2023,04:06
4447,,09-27-2023,04:06
4450,,09-27-2023,04:06
3047,,09-27-2023,04:06
4906,,09-27-2023,04:07
4465,,09-27-2023,04:07
4978,,09-27-2023,04:08
1479,,09-27-2023,04:10
4853,,09-27-2023,04:10
4316,,09-27-2023,04:10
7018,,09-27-2023,04:11
4991,,09-27-2023,04:11
4256,,09-27-2023,04:13
4260,,09-27-2023,04:13
4870,,09-27-2023,04:14
3345,,09-27-2023,04:14
3005,,09-27-2023,04:15
4909,,09-27-2023,04:15
1223,,09-27-2023,04:16
4659,,09-27-2023,04:16
1512,,09-27-2023,04:19
4806,,09-27-2023,04:20
4519,,09-27-2023,04:21
1701,,09-27-2023,04:22
4297,,09-27-2023,04:27
4608,,09-27-2023,04:34
4760,,09-27-2023,04:40
4908,,09-27-2023,04:45
4481,,09-27-2023,04:46
4444,,09-27-2023,05:04
4410,,09-27-2023,05:05
4969,,09-27-2023,05:05
1462,,09-27-2023,05:06
4348,,09-27-2023,05:08
3350,,09-27-2023,05:14
3598,,09-27-2023,05:17
4971,,09-27-2023,05:38
1288,,09-27-2023,05:39
1849,,09-27-2023,05:42
1702,,09-27-2023,06:00
1833,,09-27-2023,06:01
1400,,09-27-2023,06:03
1848,,09-27-2023,06:08
1799,,09-27-2023,06:09
1770,,09-27-2023,06:10
1735,,09-27-2023,06:10
1431,,09-27-2023,06:17
1411,,09-27-2023,06:19
4683,,09-27-2023,06:28
4933,,09-27-2023,06:59
1205,,09-27-2023,07:10
4438,,09-27-2023,07:10
4780,,09-27-2023,07:14
4733,,09-27-2023,10:32
4451,,09-27-2023,10:36
4924,,09-27-2023,10:36
4428,,09-27-2023,10:59
4387,,09-27-2023,10:59
4685,,09-27-2023,11:01
4567,,09-27-2023,11:01
4738,,09-27-2023,11:01
4574,,09-27-2023,11:02
4362,,09-27-2023,11:02
4183,,09-27-2023,11:02
5029,,09-27-2023,11:03
4538,,09-27-2023,11:03
4852,,09-27-2023,11:03
4571,,09-27-2023,11:04
1234,,09-27-2023,11:04
1424,,09-27-2023,11:04
1415,,09-27-2023,11:04
4612,,09-27-2023,11:04
4502,,09-27-2023,11:05
4927,,09-27-2023,11:05
4784,,09-27-2023,11:05
4936,,09-27-2023,11:05
1588,,09-27-2023,11:05
1576,,09-27-2023,11:05
4363,,09-27-2023,11:05
4922,,09-27-2023,11:06
4369,,09-27-2023,11:06
4537,,09-27-2023,11:06
4988,,09-27-2023,11:06
4389,,09-27-2023,11:09
1684,,09-27-2023,11:10
4703,,09-27-2023,11:10
4788,,09-27-2023,11:10
4741,,09-28-2023,12:03
1843,,09-28-2023,05:43
1827,,09-28-2023,05:47
1713,,09-28-2023,05:47
1770,,09-28-2023,05:49
1431,,09-28-2023,05:49
1295,,09-28-2023,06:04
1593,,09-28-2023,06:04
1849,,09-28-2023,06:05
1347,,09-28-2023,06:10
1288,,09-28-2023,06:11
3598,,09-28-2023,06:52
4451,,09-28-2023,07:01
4830,,09-28-2023,07:02
4611,,09-28-2023,07:03
4671,,09-28-2023,07:03
4798,,09-28-2023,07:03
4827,,09-28-2023,07:03
4461,,09-28-2023,07:03
4982,,09-28-2023,07:03
4382,,09-28-2023,07:03
4683,,09-28-2023,07:03
1475,,09-28-2023,07:04
4552,,09-28-2023,07:04
4595,,09-28-2023,07:04
4924,,09-28-2023,07:04
4733,,09-28-2023,07:04
4819,,09-28-2023,07:04
4943,,09-28-2023,07:04
1389,,09-28-2023,07:04
4673,,09-28-2023,07:05
4551,,09-28-2023,07:05
4661,,09-28-2023,07:05
3080,,09-28-2023,07:05
4718,,09-28-2023,07:08
4580,,09-28-2023,07:09
4591,,09-28-2023,07:10
4381,,09-28-2023,07:14
1409,,09-28-2023,07:14
1579,,09-28-2023,07:14
1841,,09-28-2023,07:15
3787,,09-28-2023,07:26
4520,,09-28-2023,07:27
5027,,09-28-2023,08:02
4450,,09-28-2023,02:51
3598,,09-28-2023,03:11
1849,,09-28-2023,05:30
1411,,09-28-2023,05:43
1799,,09-28-2023,06:00
1770,,09-28-2023,06:00
1837,,09-28-2023,06:00
1431,,09-28-2023,06:01
1702,,09-28-2023,06:01
1827,,09-28-2023,06:01
1842,,09-28-2023,06:03
1833,,09-28-2023,06:03
1843,,09-28-2023,06:04
1400,,09-28-2023,06:05
1765,,09-28-2023,06:06
4485,,09-28-2023,11:01
4830,,09-28-2023,11:02
4450,,09-28-2023,11:04
5026,,09-29-2023,05:19
1702,,09-29-2023,05:30
1713,,09-29-2023,05:38
1843,,09-29-2023,05:38
1827,,09-29-2023,05:48
4384,,09-29-2023,05:59
1370,,09-29-2023,05:59
1849,,09-29-2023,06:00
1593,,09-29-2023,06:02
1735,,09-29-2023,06:03
1295,,09-29-2023,06:04
1411,,09-29-2023,06:05
4386,,09-29-2023,06:16
1850,,09-29-2023,06:19
3598,,09-29-2023,06:21
4756,,09-29-2023,06:23
1293,,09-29-2023,06:29
4709,,09-29-2023,06:30
4582,,09-29-2023,06:30
5035,,09-29-2023,06:32
4735,,09-29-2023,06:33
4482,,09-29-2023,06:37
4760,,09-29-2023,06:37
1546,,09-29-2023,06:39
4811,,09-29-2023,06:44
1427,,09-29-2023,06:45
4975,,09-29-2023,06:47
4781,,09-29-2023,06:48
1280,,09-29-2023,06:50
4891,,09-29-2023,06:52
4972,,09-29-2023,06:53
4450,,09-29-2023,06:53
1419,,09-29-2023,06:55
1318,,09-29-2023,06:59
4427,,09-29-2023,06:59
4608,,09-29-2023,07:00
4447,,09-29-2023,07:03
3358,,09-29-2023,07:08
4354,,09-29-2023,07:09
1479,,09-29-2023,07:11
4525,,09-29-2023,07:13
1535,,09-29-2023,07:19
4477,,09-29-2023,07:20
4977,,09-29-2023,07:24
4796,,09-29-2023,07:28
4877,,09-29-2023,07:28
5017,,09-29-2023,07:28
1408,,09-29-2023,07:32
4534,,09-29-2023,07:34
1439,,09-29-2023,07:35
4297,,09-29-2023,07:41
1223,,09-29-2023,07:41
4814,,09-29-2023,07:42
4895,,09-29-2023,07:43
4769,,09-29-2023,07:46
4397,,09-29-2023,07:47
4675,,09-29-2023,07:49
4898,,09-29-2023,07:51
4530,,09-29-2023,07:51
4451,,09-29-2023,07:52
4976,,09-29-2023,07:53
4200,,09-29-2023,07:54
4667,,09-29-2023,07:54
4806,,09-29-2023,07:55
1417,,09-29-2023,07:56
4867,,09-29-2023,07:57
5048,,09-29-2023,07:58
3005,,09-29-2023,07:59
4342,,09-29-2023,08:01
4465,,09-29-2023,08:06
4708,,09-29-2023,01:59
1363,,09-29-2023,02:03
1744,,09-29-2023,02:07
4988,,09-29-2023,02:21
4473,,09-29-2023,02:35
5032,,09-29-2023,02:38
1572,,09-29-2023,02:41
4567,,09-29-2023,02:42
4592,,09-29-2023,02:42
4685,,09-29-2023,02:42
4798,,09-29-2023,02:45
4690,,09-29-2023,02:46
4369,,09-29-2023,02:47
4679,,09-29-2023,02:48
4897,,09-29-2023,02:49
4533,,09-29-2023,02:49
4784,,09-29-2023,02:51
4620,,09-29-2023,03:01
4940,,09-29-2023,03:01
4714,,09-29-2023,03:01
1850,,09-29-2023,03:01
4441,,09-29-2023,03:01
4325,,09-29-2023,03:01
4755,,09-29-2023,03:02
1504,,09-29-2023,03:02
5034,,09-29-2023,03:03
4196,,09-29-2023,03:03
4740,,09-29-2023,03:03
1448,,09-29-2023,03:03
4848,,09-29-2023,03:03
1856,,09-29-2023,03:03
4824,,09-29-2023,03:04
4780,,09-29-2023,03:04
4463,,09-29-2023,03:04
4810,,09-29-2023,03:05
1428,,09-29-2023,03:05
4461,,09-29-2023,03:05
4965,,09-29-2023,03:06
1427,,09-29-2023,03:06
4938,,09-29-2023,03:06
4975,,09-29-2023,03:07
4388,,09-29-2023,03:07
1205,,09-29-2023,03:07
4969,,09-29-2023,03:07
4438,,09-29-2023,03:07
4792,,09-29-2023,03:08
1455,,09-29-2023,03:08
4545,,09-29-2023,03:08
4971,,09-29-2023,03:09
4631,,09-29-2023,03:10
4449,,09-29-2023,03:10
4450,,09-29-2023,03:10
4437,,09-29-2023,03:11
4720,,09-29-2023,03:12
4482,,09-29-2023,03:13
4735,,09-29-2023,03:13
4502,,09-29-2023,03:14
4363,,09-29-2023,03:14
4386,,09-29-2023,03:14
4411,,09-29-2023,03:14
1839,,09-29-2023,03:15
1588,,09-29-2023,03:15
4516,,09-29-2023,03:15
4709,,09-29-2023,03:19
4629,,09-29-2023,03:22
4908,,09-29-2023,03:35
4563,,09-29-2023,04:01
4911,,09-29-2023,04:01
4856,,09-29-2023,04:01
4397,,09-29-2023,04:01
4540,,09-29-2023,04:01
4835,,09-29-2023,04:01
1439,,09-29-2023,04:01
1414,,09-29-2023,04:01
4921,,09-29-2023,04:02
4645,,09-29-2023,04:02
4815,,09-29-2023,04:02
1377,,09-29-2023,04:02
4183,,09-29-2023,04:02
4618,,09-29-2023,04:02
4574,,09-29-2023,04:02
1821,,09-29-2023,04:02
4955,,09-29-2023,04:03
4573,,09-29-2023,04:03
4559,,09-29-2023,04:03
4867,,09-29-2023,04:03
4874,,09-29-2023,04:03
4747,,09-29-2023,04:03
4860,,09-29-2023,04:04
1853,,09-29-2023,04:04
1852,,09-29-2023,04:04
4862,,09-29-2023,04:04
4986,,09-29-2023,04:04
4796,,09-29-2023,04:04
4451,,09-29-2023,04:04
4976,,09-29-2023,04:04
4773,,09-29-2023,04:05
4584,,09-29-2023,04:05
4822,,09-29-2023,04:05
5017,,09-29-2023,04:05
4766,,09-29-2023,04:06
4646,,09-29-2023,04:06
4262,,09-29-2023,04:06
4309,,09-29-2023,04:06
4677,,09-29-2023,04:06
4900,,09-29-2023,04:06
4891,,09-29-2023,04:07
1417,,09-29-2023,04:07
4292,,09-29-2023,04:07
1836,,09-29-2023,04:09
4452,,09-29-2023,04:09
4853,,09-29-2023,04:10
4870,,09-29-2023,04:11
1223,,09-29-2023,04:13
4659,,09-29-2023,04:13
4795,,09-29-2023,04:13
1479,,09-29-2023,04:13
3042,,09-29-2023,04:14
4260,,09-29-2023,04:16
4991,,09-29-2023,04:17
4769,,09-29-2023,04:17
4909,,09-29-2023,04:32
1856,,09-16-2023,01:52
4911,,09-16-2023,02:01
4596,,09-16-2023,02:01
4256,,09-16-2023,02:01
4540,,09-16-2023,02:01
4773,,09-16-2023,02:01
5047,,09-16-2023,02:01
4867,,09-16-2023,02:01
4468,,09-16-2023,02:02
4534,,09-16-2023,02:02
4899,,09-16-2023,02:03
4977,,09-16-2023,02:03
4822,,09-16-2023,02:03
4874,,09-16-2023,02:03
4762,,09-16-2023,02:03
4794,,09-16-2023,02:03
4746,,09-16-2023,02:03
3047,,09-16-2023,02:04
4769,,09-16-2023,02:04
4461,,09-16-2023,02:05
4906,,09-16-2023,02:05
4880,,09-16-2023,02:05
4647,,09-16-2023,02:06
1821,,09-16-2023,02:06
4796,,09-16-2023,02:06
4795,,09-16-2023,02:07
4292,,09-16-2023,02:07
4597,,09-16-2023,02:08
4316,,09-16-2023,02:10
3005,,09-16-2023,02:10
4354,,09-16-2023,02:11
1223,,09-16-2023,02:11
4659,,09-16-2023,02:11
4792,,09-16-2023,02:11
1562,,09-16-2023,02:11
4517,,09-16-2023,02:12
4909,,09-16-2023,02:12
4260,,09-16-2023,02:13
7018,,09-16-2023,02:21
1512,,09-16-2023,02:25
5048,,09-16-2023,02:27
4683,,09-16-2023,02:29
1701,,09-16-2023,02:30
4684,,09-16-2023,02:43
4340,,09-16-2023,02:43
1381,,09-16-2023,02:45
4454,,09-16-2023,02:47
1840,,09-16-2023,02:47
4451,,09-16-2023,02:51
1479,,09-16-2023,02:55
1473,,09-16-2023,02:56
4485,,09-16-2023,03:00
4881,,09-16-2023,03:00
4620,,09-16-2023,03:00
4950,,09-16-2023,03:00
5039,,09-16-2023,03:00
4373,,09-16-2023,03:00
4586,,09-16-2023,03:00
